-35.8613, 37.4591, 10.3
-34.3256, 38.0933, 10.3
-35.9162, 37.5921, 10.3
-36.3205, 42.5614, 10.3
-37.7831, 42.113, 10.3
-35.4419, 40.4339, 10.3
-34.5085, 38.1734, 10.3
-36.7948, 39.7196, 10.3
-36.0991, 37.6722, 10.3
-35.8432, 37.7779, 10.3
-34.5634, 38.3064, 10.3
-36.2482, 44.9258, 10.3
-36.1933, 44.7928, 10.3
-36.1384, 44.6599, 10.3
-36.0835, 44.5269, 10.3
-36.0286, 44.3939, 10.3
-35.9737, 44.261, 10.3
-35.9188, 44.128, 10.3
-35.8639, 43.995, 10.3
-35.809, 43.8621, 10.3
-35.7541, 43.7291, 10.3
-35.6992, 43.5961, 10.3
-35.6442, 43.4632, 10.3
-35.5893, 43.3302, 10.3
-35.5344, 43.1972, 10.3
-35.4795, 43.0643, 10.3
-35.4246, 42.9313, 10.3
-35.3697, 42.7983, 10.3
-35.3148, 42.6654, 10.3
-35.2599, 42.5324, 10.3
-35.205, 42.3994, 10.3
-35.1501, 42.2664, 10.3
-35.0952, 42.1335, 10.3
-35.0403, 42.0005, 10.3
-34.9853, 41.8675, 10.3
-34.9304, 41.7346, 10.3
-34.8755, 41.6016, 10.3
-34.8206, 41.4686, 10.3
-34.7657, 41.3357, 10.3
-34.7108, 41.2027, 10.3
-34.6559, 41.0697, 10.3
-34.601, 40.9368, 10.3
-34.5461, 40.8038, 10.3
-34.4912, 40.6708, 10.3
-34.4363, 40.5379, 10.3
-34.3813, 40.4049, 10.3
-34.3264, 40.2719, 10.3
-34.2715, 40.139, 10.3
-34.2166, 40.006, 10.3
-34.1617, 39.873, 10.3
-34.1068, 39.74, 10.3
-34.0519, 39.6071, 10.3
-33.997, 39.4741, 10.3
-33.9421, 39.3411, 10.3
-33.8872, 39.2082, 10.3
-33.8323, 39.0752, 10.3
-33.7773, 38.9422, 10.3
-33.7224, 38.8093, 10.3
-33.6675, 38.6763, 10.3
-33.6126, 38.5433, 10.3
-33.5577, 38.4104, 10.3
-33.5028, 38.2774, 10.3
-33.4479, 38.1444, 10.3
-33.393, 38.0115, 10.3
-33.3381, 37.8785, 10.3
-33.2832, 37.7455, 10.3
-33.2283, 37.6125, 10.3
-36.3762, 44.873, 10.3
-36.3213, 44.74, 10.3
-36.2664, 44.607, 10.3
-36.2115, 44.4741, 10.3
-36.1566, 44.3411, 10.3
-36.1017, 44.2081, 10.3
-36.0468, 44.0752, 10.3
-35.9919, 43.9422, 10.3
-35.937, 43.8092, 10.3
-35.882, 43.6763, 10.3
-35.8271, 43.5433, 10.3
-35.7722, 43.4103, 10.3
-35.7173, 43.2773, 10.3
-35.6624, 43.1444, 10.3
-35.6075, 43.0114, 10.3
-35.5526, 42.8784, 10.3
-35.4977, 42.7455, 10.3
-35.4428, 42.6125, 10.3
-35.3879, 42.4795, 10.3
-35.333, 42.3466, 10.3
-35.278, 42.2136, 10.3
-35.2231, 42.0806, 10.3
-35.1682, 41.9477, 10.3
-35.1133, 41.8147, 10.3
-35.0584, 41.6817, 10.3
-35.0035, 41.5488, 10.3
-34.9486, 41.4158, 10.3
-34.8937, 41.2828, 10.3
-34.8388, 41.1498, 10.3
-34.7839, 41.0169, 10.3
-34.729, 40.8839, 10.3
-34.6741, 40.7509, 10.3
-34.6191, 40.618, 10.3
-34.5642, 40.485, 10.3
-34.5093, 40.352, 10.3
-34.4544, 40.2191, 10.3
-34.3995, 40.0861, 10.3
-34.3446, 39.9531, 10.3
-34.2897, 39.8202, 10.3
-34.2348, 39.6872, 10.3
-34.1799, 39.5542, 10.3
-34.125, 39.4213, 10.3
-34.0701, 39.2883, 10.3
-34.0151, 39.1553, 10.3
-33.9602, 39.0224, 10.3
-33.9053, 38.8894, 10.3
-33.8504, 38.7564, 10.3
-33.7955, 38.6235, 10.3
-33.7406, 38.4905, 10.3
-33.6857, 38.3575, 10.3
-33.6308, 38.2245, 10.3
-33.5759, 38.0916, 10.3
-33.521, 37.9586, 10.3
-33.4661, 37.8256, 10.3
-33.4111, 37.6927, 10.3
-33.3562, 37.5597, 10.3
-36.5042, 44.8201, 10.3
-36.4493, 44.6871, 10.3
-36.3944, 44.5542, 10.3
-36.3395, 44.4212, 10.3
-36.2846, 44.2882, 10.3
-36.2297, 44.1553, 10.3
-36.1748, 44.0223, 10.3
-36.1198, 43.8893, 10.3
-36.0649, 43.7564, 10.3
-36.01, 43.6234, 10.3
-35.9551, 43.4904, 10.3
-35.9002, 43.3575, 10.3
-35.8453, 43.2245, 10.3
-35.7904, 43.0915, 10.3
-35.7355, 42.9586, 10.3
-35.6806, 42.8256, 10.3
-35.6257, 42.6926, 10.3
-35.5708, 42.5597, 10.3
-35.5158, 42.4267, 10.3
-35.4609, 42.2937, 10.3
-35.406, 42.1608, 10.3
-35.3511, 42.0278, 10.3
-35.2962, 41.8948, 10.3
-35.2413, 41.7618, 10.3
-35.1864, 41.6289, 10.3
-35.1315, 41.4959, 10.3
-35.0766, 41.3629, 10.3
-35.0217, 41.23, 10.3
-34.9668, 41.097, 10.3
-34.9118, 40.964, 10.3
-34.8569, 40.8311, 10.3
-34.802, 40.6981, 10.3
-34.7471, 40.5651, 10.3
-34.6922, 40.4322, 10.3
-34.6373, 40.2992, 10.3
-34.5824, 40.1662, 10.3
-34.5275, 40.0333, 10.3
-34.4726, 39.9003, 10.3
-34.4177, 39.7673, 10.3
-34.3628, 39.6343, 10.3
-34.3078, 39.5014, 10.3
-34.2529, 39.3684, 10.3
-34.198, 39.2354, 10.3
-34.1431, 39.1025, 10.3
-34.0882, 38.9695, 10.3
-34.0333, 38.8365, 10.3
-33.9784, 38.7036, 10.3
-33.9235, 38.5706, 10.3
-33.8686, 38.4376, 10.3
-33.8137, 38.3047, 10.3
-33.7588, 38.1717, 10.3
-33.7039, 38.0387, 10.3
-33.6489, 37.9058, 10.3
-33.594, 37.7728, 10.3
-33.5391, 37.6398, 10.3
-33.4842, 37.5069, 10.3
-36.6322, 44.7673, 10.3
-36.5773, 44.6343, 10.3
-36.5224, 44.5013, 10.3
-36.4675, 44.3684, 10.3
-36.4125, 44.2354, 10.3
-36.3576, 44.1024, 10.3
-36.3027, 43.9695, 10.3
-36.2478, 43.8365, 10.3
-36.1929, 43.7035, 10.3
-36.138, 43.5706, 10.3
-36.0831, 43.4376, 10.3
-36.0282, 43.3046, 10.3
-35.9733, 43.1716, 10.3
-35.9184, 43.0387, 10.3
-35.8635, 42.9057, 10.3
-35.8086, 42.7727, 10.3
-35.7536, 42.6398, 10.3
-35.6987, 42.5068, 10.3
-35.6438, 42.3738, 10.3
-35.5889, 42.2409, 10.3
-35.534, 42.1079, 10.3
-35.4791, 41.9749, 10.3
-35.4242, 41.842, 10.3
-35.3693, 41.709, 10.3
-35.3144, 41.576, 10.3
-35.2595, 41.4431, 10.3
-35.2046, 41.3101, 10.3
-35.1496, 41.1771, 10.3
-35.0947, 41.0442, 10.3
-35.0398, 40.9112, 10.3
-34.9849, 40.7782, 10.3
-34.93, 40.6452, 10.3
-34.8751, 40.5123, 10.3
-34.8202, 40.3793, 10.3
-34.7653, 40.2463, 10.3
-34.7104, 40.1134, 10.3
-34.6555, 39.9804, 10.3
-34.6006, 39.8474, 10.3
-34.5456, 39.7145, 10.3
-34.4907, 39.5815, 10.3
-34.4358, 39.4485, 10.3
-34.3809, 39.3156, 10.3
-34.326, 39.1826, 10.3
-34.2711, 39.0496, 10.3
-34.2162, 38.9167, 10.3
-34.1613, 38.7837, 10.3
-34.1064, 38.6507, 10.3
-34.0515, 38.5178, 10.3
-33.9966, 38.3848, 10.3
-33.9417, 38.2518, 10.3
-33.8867, 38.1188, 10.3
-33.8318, 37.9859, 10.3
-33.7769, 37.8529, 10.3
-33.722, 37.7199, 10.3
-33.6671, 37.587, 10.3
-33.6122, 37.454, 10.3
-36.7602, 44.7144, 10.3
-36.7053, 44.5815, 10.3
-36.6503, 44.4485, 10.3
-36.5954, 44.3155, 10.3
-36.5405, 44.1825, 10.3
-36.4856, 44.0496, 10.3
-36.4307, 43.9166, 10.3
-36.3758, 43.7836, 10.3
-36.3209, 43.6507, 10.3
-36.266, 43.5177, 10.3
-36.2111, 43.3847, 10.3
-36.1562, 43.2518, 10.3
-36.1013, 43.1188, 10.3
-36.0463, 42.9858, 10.3
-35.9914, 42.8529, 10.3
-35.9365, 42.7199, 10.3
-35.8816, 42.5869, 10.3
-35.8267, 42.454, 10.3
-35.7718, 42.321, 10.3
-35.7169, 42.188, 10.3
-35.662, 42.0551, 10.3
-35.6071, 41.9221, 10.3
-35.5522, 41.7891, 10.3
-35.4973, 41.6561, 10.3
-35.4424, 41.5232, 10.3
-35.3874, 41.3902, 10.3
-35.3325, 41.2572, 10.3
-35.2776, 41.1243, 10.3
-35.2227, 40.9913, 10.3
-35.1678, 40.8583, 10.3
-35.1129, 40.7254, 10.3
-35.058, 40.5924, 10.3
-35.0031, 40.4594, 10.3
-34.9482, 40.3265, 10.3
-34.8933, 40.1935, 10.3
-34.8384, 40.0605, 10.3
-34.7834, 39.9276, 10.3
-34.7285, 39.7946, 10.3
-34.6736, 39.6616, 10.3
-34.6187, 39.5287, 10.3
-34.5638, 39.3957, 10.3
-34.5089, 39.2627, 10.3
-34.454, 39.1297, 10.3
-34.3991, 38.9968, 10.3
-34.3442, 38.8638, 10.3
-34.2893, 38.7308, 10.3
-34.2344, 38.5979, 10.3
-34.1794, 38.4649, 10.3
-34.1245, 38.3319, 10.3
-34.0696, 38.199, 10.3
-34.0147, 38.066, 10.3
-33.9598, 37.933, 10.3
-33.9049, 37.8001, 10.3
-33.85, 37.6671, 10.3
-33.7951, 37.5341, 10.3
-33.7402, 37.4012, 10.3
-36.8881, 44.6616, 10.3
-36.8332, 44.5286, 10.3
-36.7783, 44.3956, 10.3
-36.7234, 44.2627, 10.3
-36.6685, 44.1297, 10.3
-36.6136, 43.9967, 10.3
-36.5587, 43.8638, 10.3
-36.5038, 43.7308, 10.3
-36.4489, 43.5978, 10.3
-36.394, 43.4649, 10.3
-36.3391, 43.3319, 10.3
-36.2841, 43.1989, 10.3
-36.2292, 43.066, 10.3
-36.1743, 42.933, 10.3
-36.1194, 42.8, 10.3
-36.0645, 42.667, 10.3
-36.0096, 42.5341, 10.3
-35.9547, 42.4011, 10.3
-35.8998, 42.2681, 10.3
-35.8449, 42.1352, 10.3
-35.79, 42.0022, 10.3
-35.7351, 41.8692, 10.3
-35.6801, 41.7363, 10.3
-35.6252, 41.6033, 10.3
-35.5703, 41.4703, 10.3
-35.5154, 41.3374, 10.3
-35.4605, 41.2044, 10.3
-35.4056, 41.0714, 10.3
-35.3507, 40.9385, 10.3
-35.2958, 40.8055, 10.3
-35.2409, 40.6725, 10.3
-35.186, 40.5396, 10.3
-35.1311, 40.4066, 10.3
-35.0761, 40.2736, 10.3
-35.0212, 40.1406, 10.3
-34.9663, 40.0077, 10.3
-34.9114, 39.8747, 10.3
-34.8565, 39.7417, 10.3
-34.8016, 39.6088, 10.3
-34.7467, 39.4758, 10.3
-34.6918, 39.3428, 10.3
-34.6369, 39.2099, 10.3
-34.582, 39.0769, 10.3
-34.5271, 38.9439, 10.3
-34.4722, 38.811, 10.3
-34.4172, 38.678, 10.3
-34.3623, 38.545, 10.3
-34.3074, 38.4121, 10.3
-34.2525, 38.2791, 10.3
-34.1976, 38.1461, 10.3
-34.1427, 38.0131, 10.3
-34.0878, 37.8802, 10.3
-34.0329, 37.7472, 10.3
-33.978, 37.6142, 10.3
-33.9231, 37.4813, 10.3
-33.8682, 37.3483, 10.3
-37.0161, 44.6087, 10.3
-36.9612, 44.4758, 10.3
-36.9063, 44.3428, 10.3
-36.8514, 44.2098, 10.3
-36.7965, 44.0769, 10.3
-36.7416, 43.9439, 10.3
-36.6867, 43.8109, 10.3
-36.6318, 43.6779, 10.3
-36.5769, 43.545, 10.3
-36.5219, 43.412, 10.3
-36.467, 43.279, 10.3
-36.4121, 43.1461, 10.3
-36.3572, 43.0131, 10.3
-36.3023, 42.8801, 10.3
-36.2474, 42.7472, 10.3
-36.1925, 42.6142, 10.3
-36.1376, 42.4812, 10.3
-36.0827, 42.3483, 10.3
-36.0278, 42.2153, 10.3
-35.9729, 42.0823, 10.3
-35.9179, 41.9494, 10.3
-35.863, 41.8164, 10.3
-35.8081, 41.6834, 10.3
-35.7532, 41.5504, 10.3
-35.6983, 41.4175, 10.3
-35.6434, 41.2845, 10.3
-35.5885, 41.1515, 10.3
-35.5336, 41.0186, 10.3
-35.4787, 40.8856, 10.3
-35.4238, 40.7526, 10.3
-35.3689, 40.6197, 10.3
-35.3139, 40.4867, 10.3
-35.259, 40.3537, 10.3
-35.2041, 40.2208, 10.3
-35.1492, 40.0878, 10.3
-35.0943, 39.9548, 10.3
-35.0394, 39.8219, 10.3
-34.9845, 39.6889, 10.3
-34.9296, 39.5559, 10.3
-34.8747, 39.423, 10.3
-34.8198, 39.29, 10.3
-34.7649, 39.157, 10.3
-34.7099, 39.024, 10.3
-34.655, 38.8911, 10.3
-34.6001, 38.7581, 10.3
-34.5452, 38.6251, 10.3
-34.4903, 38.4922, 10.3
-34.4354, 38.3592, 10.3
-34.3805, 38.2262, 10.3
-34.2707, 37.9603, 10.3
-34.2158, 37.8273, 10.3
-34.1609, 37.6944, 10.3
-34.106, 37.5614, 10.3
-34.051, 37.4284, 10.3
-33.9961, 37.2955, 10.3
-37.1441, 44.5559, 10.3
-37.0892, 44.4229, 10.3
-37.0343, 44.2899, 10.3
-36.9794, 44.157, 10.3
-36.9245, 44.024, 10.3
-36.8696, 43.891, 10.3
-36.8146, 43.7581, 10.3
-36.7597, 43.6251, 10.3
-36.7048, 43.4921, 10.3
-36.6499, 43.3592, 10.3
-36.595, 43.2262, 10.3
-36.5401, 43.0932, 10.3
-36.4852, 42.9603, 10.3
-36.4303, 42.8273, 10.3
-36.3754, 42.6943, 10.3
-36.2656, 42.4284, 10.3
-36.2106, 42.2954, 10.3
-36.1557, 42.1624, 10.3
-36.1008, 42.0295, 10.3
-36.0459, 41.8965, 10.3
-35.991, 41.7635, 10.3
-35.9361, 41.6306, 10.3
-35.8812, 41.4976, 10.3
-35.8263, 41.3646, 10.3
-35.7714, 41.2317, 10.3
-35.7165, 41.0987, 10.3
-35.6616, 40.9657, 10.3
-35.6067, 40.8328, 10.3
-35.5517, 40.6998, 10.3
-35.4968, 40.5668, 10.3
-35.387, 40.3009, 10.3
-35.3321, 40.1679, 10.3
-35.2772, 40.035, 10.3
-35.2223, 39.902, 10.3
-35.1674, 39.769, 10.3
-35.1125, 39.636, 10.3
-35.0576, 39.5031, 10.3
-35.0027, 39.3701, 10.3
-34.9477, 39.2371, 10.3
-34.8928, 39.1042, 10.3
-34.8379, 38.9712, 10.3
-34.783, 38.8382, 10.3
-34.7281, 38.7053, 10.3
-34.6732, 38.5723, 10.3
-34.6183, 38.4393, 10.3
-34.4536, 38.0404, 10.3
-34.3987, 37.9075, 10.3
-34.3438, 37.7745, 10.3
-34.2888, 37.6415, 10.3
-34.2339, 37.5085, 10.3
-34.179, 37.3756, 10.3
-34.1241, 37.2426, 10.3
-37.2721, 44.503, 10.3
-37.2172, 44.3701, 10.3
-37.1623, 44.2371, 10.3
-37.1074, 44.1041, 10.3
-37.0524, 43.9712, 10.3
-36.9975, 43.8382, 10.3
-36.9426, 43.7052, 10.3
-36.8877, 43.5723, 10.3
-36.8328, 43.4393, 10.3
-36.7779, 43.3063, 10.3
-36.723, 43.1733, 10.3
-36.6681, 43.0404, 10.3
-36.6132, 42.9074, 10.3
-36.5583, 42.7744, 10.3
-36.5034, 42.6415, 10.3
-36.4484, 42.5085, 10.3
-36.3935, 42.3755, 10.3
-36.3386, 42.2426, 10.3
-36.2837, 42.1096, 10.3
-36.2288, 41.9766, 10.3
-36.1739, 41.8437, 10.3
-36.119, 41.7107, 10.3
-36.0641, 41.5777, 10.3
-36.0092, 41.4448, 10.3
-35.9543, 41.3118, 10.3
-35.8994, 41.1788, 10.3
-35.8444, 41.0458, 10.3
-35.7895, 40.9129, 10.3
-35.7346, 40.7799, 10.3
-35.6797, 40.6469, 10.3
-35.6248, 40.514, 10.3
-35.5699, 40.381, 10.3
-35.515, 40.248, 10.3
-35.4601, 40.1151, 10.3
-35.4052, 39.9821, 10.3
-35.3503, 39.8491, 10.3
-35.2954, 39.7162, 10.3
-35.2405, 39.5832, 10.3
-35.1855, 39.4502, 10.3
-35.1306, 39.3173, 10.3
-35.0757, 39.1843, 10.3
-35.0208, 39.0513, 10.3
-34.9659, 38.9184, 10.3
-34.911, 38.7854, 10.3
-34.8561, 38.6524, 10.3
-34.8012, 38.5194, 10.3
-34.7463, 38.3865, 10.3
-34.6914, 38.2535, 10.3
-34.6365, 38.1205, 10.3
-34.5815, 37.9876, 10.3
-34.5266, 37.8546, 10.3
-34.4717, 37.7216, 10.3
-34.4168, 37.5887, 10.3
-34.3619, 37.4557, 10.3
-34.307, 37.3227, 10.3
-34.2521, 37.1898, 10.3
-37.4001, 44.4502, 10.3
-37.3451, 44.3172, 10.3
-37.2902, 44.1842, 10.3
-37.2353, 44.0513, 10.3
-37.1804, 43.9183, 10.3
-37.1255, 43.7853, 10.3
-37.0706, 43.6524, 10.3
-37.0157, 43.5194, 10.3
-36.9608, 43.3864, 10.3
-36.9059, 43.2535, 10.3
-36.851, 43.1205, 10.3
-36.7961, 42.9875, 10.3
-36.7411, 42.8546, 10.3
-36.6862, 42.7216, 10.3
-36.6313, 42.5886, 10.3
-36.5764, 42.4557, 10.3
-36.5215, 42.3227, 10.3
-36.4666, 42.1897, 10.3
-36.4117, 42.0567, 10.3
-36.3568, 41.9238, 10.3
-36.3019, 41.7908, 10.3
-36.247, 41.6578, 10.3
-36.1921, 41.5249, 10.3
-36.1372, 41.3919, 10.3
-36.0822, 41.2589, 10.3
-36.0273, 41.126, 10.3
-35.9724, 40.993, 10.3
-35.9175, 40.86, 10.3
-35.8626, 40.7271, 10.3
-35.8077, 40.5941, 10.3
-35.7528, 40.4611, 10.3
-35.6979, 40.3282, 10.3
-35.643, 40.1952, 10.3
-35.5881, 40.0622, 10.3
-35.5332, 39.9293, 10.3
-35.4782, 39.7963, 10.3
-35.4233, 39.6633, 10.3
-35.3684, 39.5303, 10.3
-35.3135, 39.3974, 10.3
-35.2586, 39.2644, 10.3
-35.2037, 39.1314, 10.3
-35.1488, 38.9985, 10.3
-35.0939, 38.8655, 10.3
-35.039, 38.7325, 10.3
-34.9841, 38.5996, 10.3
-34.9292, 38.4666, 10.3
-34.8743, 38.3336, 10.3
-34.8193, 38.2007, 10.3
-34.7644, 38.0677, 10.3
-34.7095, 37.9347, 10.3
-34.6546, 37.8018, 10.3
-34.5997, 37.6688, 10.3
-34.5448, 37.5358, 10.3
-34.4899, 37.4029, 10.3
-34.435, 37.2699, 10.3
-34.3801, 37.1369, 10.3
-37.528, 44.3973, 10.3
-37.4731, 44.2644, 10.3
-37.4182, 44.1314, 10.3
-37.3633, 43.9984, 10.3
-37.3084, 43.8655, 10.3
-37.2535, 43.7325, 10.3
-37.1986, 43.5995, 10.3
-37.1437, 43.4666, 10.3
-37.0888, 43.3336, 10.3
-37.0339, 43.2006, 10.3
-36.979, 43.0676, 10.3
-36.924, 42.9347, 10.3
-36.8691, 42.8017, 10.3
-36.8142, 42.6687, 10.3
-36.7593, 42.5358, 10.3
-36.7044, 42.4028, 10.3
-36.6495, 42.2698, 10.3
-36.5946, 42.1369, 10.3
-36.5397, 42.0039, 10.3
-36.4848, 41.8709, 10.3
-36.4299, 41.738, 10.3
-36.375, 41.605, 10.3
-36.32, 41.472, 10.3
-36.2651, 41.3391, 10.3
-36.2102, 41.2061, 10.3
-36.1553, 41.0731, 10.3
-36.1004, 40.9402, 10.3
-36.0455, 40.8072, 10.3
-35.9906, 40.6742, 10.3
-35.9357, 40.5412, 10.3
-35.8808, 40.4083, 10.3
-35.8259, 40.2753, 10.3
-35.771, 40.1423, 10.3
-35.716, 40.0094, 10.3
-35.6611, 39.8764, 10.3
-35.6062, 39.7434, 10.3
-35.5513, 39.6105, 10.3
-35.4964, 39.4775, 10.3
-35.4415, 39.3445, 10.3
-35.3866, 39.2116, 10.3
-35.3317, 39.0786, 10.3
-35.2768, 38.9456, 10.3
-35.2219, 38.8127, 10.3
-35.167, 38.6797, 10.3
-35.112, 38.5467, 10.3
-35.0571, 38.4137, 10.3
-35.0022, 38.2808, 10.3
-34.9473, 38.1478, 10.3
-34.8924, 38.0148, 10.3
-34.8375, 37.8819, 10.3
-34.7826, 37.7489, 10.3
-34.7277, 37.6159, 10.3
-34.6728, 37.483, 10.3
-34.6179, 37.35, 10.3
-34.563, 37.217, 10.3
-34.508, 37.0841, 10.3
-37.656, 44.3445, 10.3
-37.6011, 44.2115, 10.3
-37.5462, 44.0785, 10.3
-37.4913, 43.9456, 10.3
-37.4364, 43.8126, 10.3
-37.3815, 43.6796, 10.3
-37.3266, 43.5467, 10.3
-37.2717, 43.4137, 10.3
-37.2167, 43.2807, 10.3
-37.1618, 43.1478, 10.3
-37.1069, 43.0148, 10.3
-37.052, 42.8818, 10.3
-36.9971, 42.7489, 10.3
-36.9422, 42.6159, 10.3
-36.8873, 42.4829, 10.3
-36.8324, 42.35, 10.3
-36.7775, 42.217, 10.3
-36.7226, 42.084, 10.3
-36.6677, 41.951, 10.3
-36.6127, 41.8181, 10.3
-36.5578, 41.6851, 10.3
-36.5029, 41.5521, 10.3
-36.448, 41.4192, 10.3
-36.3931, 41.2862, 10.3
-36.3382, 41.1532, 10.3
-36.2833, 41.0203, 10.3
-36.2284, 40.8873, 10.3
-36.1735, 40.7543, 10.3
-36.1186, 40.6214, 10.3
-36.0637, 40.4884, 10.3
-36.0088, 40.3554, 10.3
-35.9538, 40.2225, 10.3
-35.8989, 40.0895, 10.3
-35.844, 39.9565, 10.3
-35.7891, 39.8236, 10.3
-35.7342, 39.6906, 10.3
-35.6793, 39.5576, 10.3
-35.6244, 39.4246, 10.3
-35.5695, 39.2917, 10.3
-35.5146, 39.1587, 10.3
-35.4597, 39.0257, 10.3
-35.4048, 38.8928, 10.3
-35.3498, 38.7598, 10.3
-35.2949, 38.6268, 10.3
-35.24, 38.4939, 10.3
-35.1851, 38.3609, 10.3
-35.1302, 38.2279, 10.3
-35.0753, 38.095, 10.3
-35.0204, 37.962, 10.3
-34.9655, 37.829, 10.3
-34.9106, 37.6961, 10.3
-34.8557, 37.5631, 10.3
-34.8008, 37.4301, 10.3
-34.7458, 37.2972, 10.3
-34.6909, 37.1642, 10.3
-34.636, 37.0312, 10.3
-37.784, 44.2916, 10.3
-37.7291, 44.1587, 10.3
-37.6742, 44.0257, 10.3
-37.6193, 43.8927, 10.3
-37.5644, 43.7598, 10.3
-37.5095, 43.6268, 10.3
-37.4545, 43.4938, 10.3
-37.3996, 43.3609, 10.3
-37.3447, 43.2279, 10.3
-37.2898, 43.0949, 10.3
-37.2349, 42.9619, 10.3
-37.18, 42.829, 10.3
-37.1251, 42.696, 10.3
-37.0702, 42.563, 10.3
-37.0153, 42.4301, 10.3
-36.9604, 42.2971, 10.3
-36.9055, 42.1641, 10.3
-36.8505, 42.0312, 10.3
-36.7956, 41.8982, 10.3
-36.7407, 41.7652, 10.3
-36.6858, 41.6323, 10.3
-36.6309, 41.4993, 10.3
-36.576, 41.3663, 10.3
-36.5211, 41.2334, 10.3
-36.4662, 41.1004, 10.3
-36.4113, 40.9674, 10.3
-36.3564, 40.8345, 10.3
-36.3015, 40.7015, 10.3
-36.2465, 40.5685, 10.3
-36.1916, 40.4356, 10.3
-36.1367, 40.3026, 10.3
-36.0818, 40.1696, 10.3
-36.0269, 40.0366, 10.3
-35.972, 39.9037, 10.3
-35.9171, 39.7707, 10.3
-35.8622, 39.6377, 10.3
-35.8073, 39.5048, 10.3
-35.7524, 39.3718, 10.3
-35.6975, 39.2388, 10.3
-35.6426, 39.1059, 10.3
-35.5876, 38.9729, 10.3
-35.5327, 38.8399, 10.3
-35.4778, 38.707, 10.3
-35.4229, 38.574, 10.3
-35.368, 38.441, 10.3
-35.3131, 38.3081, 10.3
-35.2582, 38.1751, 10.3
-35.2033, 38.0421, 10.3
-35.1484, 37.9091, 10.3
-35.0935, 37.7762, 10.3
-35.0386, 37.6432, 10.3
-34.9836, 37.5102, 10.3
-34.9287, 37.3773, 10.3
-34.8738, 37.2443, 10.3
-34.8189, 37.1113, 10.3
-34.764, 36.9784, 10.3
-37.912, 44.2388, 10.3
-37.8571, 44.1058, 10.3
-37.8022, 43.9729, 10.3
-37.7472, 43.8399, 10.3
-37.6923, 43.7069, 10.3
-37.6374, 43.5739, 10.3
-37.5825, 43.441, 10.3
-37.5276, 43.308, 10.3
-37.4727, 43.175, 10.3
-37.4178, 43.0421, 10.3
-37.3629, 42.9091, 10.3
-37.308, 42.7761, 10.3
-37.2531, 42.6432, 10.3
-37.1982, 42.5102, 10.3
-37.1432, 42.3772, 10.3
-37.0883, 42.2443, 10.3
-37.0334, 42.1113, 10.3
-36.9785, 41.9783, 10.3
-36.9236, 41.8454, 10.3
-36.8687, 41.7124, 10.3
-36.8138, 41.5794, 10.3
-36.7589, 41.4464, 10.3
-36.704, 41.3135, 10.3
-36.6491, 41.1805, 10.3
-36.5942, 41.0475, 10.3
-36.5393, 40.9146, 10.3
-36.4843, 40.7816, 10.3
-36.4294, 40.6486, 10.3
-36.3745, 40.5157, 10.3
-36.3196, 40.3827, 10.3
-36.2647, 40.2497, 10.3
-36.2098, 40.1168, 10.3
-36.1549, 39.9838, 10.3
-36.1, 39.8508, 10.3
-36.0451, 39.7179, 10.3
-35.9902, 39.5849, 10.3
-35.9353, 39.4519, 10.3
-35.8803, 39.319, 10.3
-35.8254, 39.186, 10.3
-35.7705, 39.053, 10.3
-35.7156, 38.92, 10.3
-35.6607, 38.7871, 10.3
-35.6058, 38.6541, 10.3
-35.5509, 38.5211, 10.3
-35.496, 38.3882, 10.3
-35.4411, 38.2552, 10.3
-35.3862, 38.1222, 10.3
-35.3313, 37.9893, 10.3
-35.2763, 37.8563, 10.3
-35.2214, 37.7233, 10.3
-35.1665, 37.5904, 10.3
-35.1116, 37.4574, 10.3
-35.0567, 37.3244, 10.3
-35.0018, 37.1915, 10.3
-34.9469, 37.0585, 10.3
-34.892, 36.9255, 10.3
-38.04, 44.1859, 10.3
-37.985, 44.053, 10.3
-37.9301, 43.92, 10.3
-37.8752, 43.787, 10.3
-37.8203, 43.6541, 10.3
-37.7654, 43.5211, 10.3
-37.7105, 43.3881, 10.3
-37.6556, 43.2552, 10.3
-37.6007, 43.1222, 10.3
-37.5458, 42.9892, 10.3
-37.4909, 42.8563, 10.3
-37.436, 42.7233, 10.3
-37.381, 42.5903, 10.3
-37.3261, 42.4573, 10.3
-37.2712, 42.3244, 10.3
-37.2163, 42.1914, 10.3
-37.1614, 42.0584, 10.3
-37.1065, 41.9255, 10.3
-37.0516, 41.7925, 10.3
-36.9967, 41.6595, 10.3
-36.9418, 41.5266, 10.3
-36.8869, 41.3936, 10.3
-36.832, 41.2606, 10.3
-36.7771, 41.1277, 10.3
-36.7221, 40.9947, 10.3
-36.6672, 40.8617, 10.3
-36.6123, 40.7288, 10.3
-36.5574, 40.5958, 10.3
-36.5025, 40.4628, 10.3
-36.4476, 40.3299, 10.3
-36.3927, 40.1969, 10.3
-36.3378, 40.0639, 10.3
-36.2829, 39.9309, 10.3
-36.228, 39.798, 10.3
-36.1731, 39.665, 10.3
-36.1181, 39.532, 10.3
-36.0632, 39.3991, 10.3
-36.0083, 39.2661, 10.3
-35.9534, 39.1331, 10.3
-35.8985, 39.0002, 10.3
-35.8436, 38.8672, 10.3
-35.7887, 38.7342, 10.3
-35.7338, 38.6013, 10.3
-35.6789, 38.4683, 10.3
-35.624, 38.3353, 10.3
-35.5691, 38.2024, 10.3
-35.5141, 38.0694, 10.3
-35.4592, 37.9364, 10.3
-35.4043, 37.8035, 10.3
-35.3494, 37.6705, 10.3
-35.2945, 37.5375, 10.3
-35.2396, 37.4045, 10.3
-35.1847, 37.2716, 10.3
-35.1298, 37.1386, 10.3
-35.0749, 37.0056, 10.3
-35.02, 36.8727, 10.3
-38.1679, 44.1331, 10.3
-38.113, 44.0001, 10.3
-38.0581, 43.8672, 10.3
-38.0032, 43.7342, 10.3
-37.9483, 43.6012, 10.3
-37.8934, 43.4682, 10.3
-37.8385, 43.3353, 10.3
-37.7836, 43.2023, 10.3
-37.7287, 43.0693, 10.3
-37.6738, 42.9364, 10.3
-37.6188, 42.8034, 10.3
-37.5639, 42.6704, 10.3
-37.509, 42.5375, 10.3
-37.4541, 42.4045, 10.3
-37.3992, 42.2715, 10.3
-37.3443, 42.1386, 10.3
-37.2894, 42.0056, 10.3
-37.2345, 41.8726, 10.3
-37.1796, 41.7397, 10.3
-37.1247, 41.6067, 10.3
-37.0698, 41.4737, 10.3
-37.0148, 41.3408, 10.3
-36.9599, 41.2078, 10.3
-36.905, 41.0748, 10.3
-36.8501, 40.9418, 10.3
-36.7952, 40.8089, 10.3
-36.7403, 40.6759, 10.3
-36.6854, 40.5429, 10.3
-36.6305, 40.41, 10.3
-36.5756, 40.277, 10.3
-36.5207, 40.144, 10.3
-36.4658, 40.0111, 10.3
-36.4109, 39.8781, 10.3
-36.3559, 39.7451, 10.3
-36.301, 39.6122, 10.3
-36.2461, 39.4792, 10.3
-36.1912, 39.3462, 10.3
-36.1363, 39.2133, 10.3
-36.0814, 39.0803, 10.3
-36.0265, 38.9473, 10.3
-35.9716, 38.8144, 10.3
-35.9167, 38.6814, 10.3
-35.8618, 38.5484, 10.3
-35.8069, 38.4154, 10.3
-35.7519, 38.2825, 10.3
-35.697, 38.1495, 10.3
-35.6421, 38.0165, 10.3
-35.5872, 37.8836, 10.3
-35.5323, 37.7506, 10.3
-35.4774, 37.6176, 10.3
-35.4225, 37.4847, 10.3
-35.3676, 37.3517, 10.3
-35.3127, 37.2187, 10.3
-35.2578, 37.0858, 10.3
-35.2029, 36.9528, 10.3
-35.1479, 36.8198, 10.3
-38.2959, 44.0802, 10.3
-38.241, 43.9473, 10.3
-38.1861, 43.8143, 10.3
-38.1312, 43.6813, 10.3
-38.0763, 43.5484, 10.3
-38.0214, 43.4154, 10.3
-37.9665, 43.2824, 10.3
-37.9115, 43.1495, 10.3
-37.8566, 43.0165, 10.3
-37.8017, 42.8835, 10.3
-37.7468, 42.7506, 10.3
-37.6919, 42.6176, 10.3
-37.637, 42.4846, 10.3
-37.5821, 42.3517, 10.3
-37.5272, 42.2187, 10.3
-37.4723, 42.0857, 10.3
-37.4174, 41.9527, 10.3
-37.3625, 41.8198, 10.3
-37.3076, 41.6868, 10.3
-37.2526, 41.5538, 10.3
-37.1977, 41.4209, 10.3
-37.1428, 41.2879, 10.3
-37.0879, 41.1549, 10.3
-37.033, 41.022, 10.3
-36.9781, 40.889, 10.3
-36.9232, 40.756, 10.3
-36.8683, 40.6231, 10.3
-36.8134, 40.4901, 10.3
-36.7585, 40.3571, 10.3
-36.7036, 40.2242, 10.3
-36.6486, 40.0912, 10.3
-36.5937, 39.9582, 10.3
-36.5388, 39.8252, 10.3
-36.4839, 39.6923, 10.3
-36.429, 39.5593, 10.3
-36.3741, 39.4263, 10.3
-36.3192, 39.2934, 10.3
-36.2643, 39.1604, 10.3
-36.2094, 39.0274, 10.3
-36.1545, 38.8945, 10.3
-36.0996, 38.7615, 10.3
-36.0446, 38.6285, 10.3
-35.9897, 38.4956, 10.3
-35.9348, 38.3626, 10.3
-35.8799, 38.2296, 10.3
-35.825, 38.0967, 10.3
-35.7701, 37.9637, 10.3
-35.7152, 37.8307, 10.3
-35.6603, 37.6978, 10.3
-35.6054, 37.5648, 10.3
-35.5505, 37.4318, 10.3
-35.4956, 37.2988, 10.3
-35.4407, 37.1659, 10.3
-35.3857, 37.0329, 10.3
-35.3308, 36.8999, 10.3
-35.2759, 36.767, 10.3
-38.4239, 44.0274, 10.3
-38.369, 43.8944, 10.3
-38.3141, 43.7615, 10.3
-38.2592, 43.6285, 10.3
-38.2043, 43.4955, 10.3
-38.1493, 43.3625, 10.3
-38.0944, 43.2296, 10.3
-38.0395, 43.0966, 10.3
-37.9846, 42.9636, 10.3
-37.9297, 42.8307, 10.3
-37.8748, 42.6977, 10.3
-37.8199, 42.5647, 10.3
-37.765, 42.4318, 10.3
-37.7101, 42.2988, 10.3
-37.6552, 42.1658, 10.3
-37.6003, 42.0329, 10.3
-37.5453, 41.8999, 10.3
-37.4904, 41.7669, 10.3
-37.4355, 41.634, 10.3
-37.3806, 41.501, 10.3
-37.3257, 41.368, 10.3
-37.2708, 41.2351, 10.3
-37.2159, 41.1021, 10.3
-37.161, 40.9691, 10.3
-37.1061, 40.8362, 10.3
-37.0512, 40.7032, 10.3
-36.9963, 40.5702, 10.3
-36.9414, 40.4372, 10.3
-36.8864, 40.3043, 10.3
-36.8315, 40.1713, 10.3
-36.7766, 40.0383, 10.3
-36.7217, 39.9054, 10.3
-36.6668, 39.7724, 10.3
-36.6119, 39.6394, 10.3
-36.557, 39.5065, 10.3
-36.5021, 39.3735, 10.3
-36.4472, 39.2405, 10.3
-36.3923, 39.1076, 10.3
-36.3374, 38.9746, 10.3
-36.2824, 38.8416, 10.3
-36.2275, 38.7087, 10.3
-36.1726, 38.5757, 10.3
-36.1177, 38.4427, 10.3
-36.0628, 38.3097, 10.3
-36.0079, 38.1768, 10.3
-35.953, 38.0438, 10.3
-35.8981, 37.9108, 10.3
-35.7883, 37.6449, 10.3
-35.7334, 37.5119, 10.3
-35.6784, 37.379, 10.3
-35.6235, 37.246, 10.3
-35.5686, 37.113, 10.3
-35.5137, 36.9801, 10.3
-35.4588, 36.8471, 10.3
-35.4039, 36.7141, 10.3
-38.5519, 43.9745, 10.3
-38.497, 43.8416, 10.3
-38.4421, 43.7086, 10.3
-38.3871, 43.5756, 10.3
-38.3322, 43.4427, 10.3
-38.2773, 43.3097, 10.3
-38.2224, 43.1767, 10.3
-38.1675, 43.0438, 10.3
-38.1126, 42.9108, 10.3
-38.0577, 42.7778, 10.3
-38.0028, 42.6449, 10.3
-37.893, 42.3789, 10.3
-37.8381, 42.246, 10.3
-37.7282, 41.98, 10.3
-37.6733, 41.847, 10.3
-37.6184, 41.7141, 10.3
-37.5635, 41.5811, 10.3
-37.5086, 41.4481, 10.3
-37.4537, 41.3152, 10.3
-37.3988, 41.1822, 10.3
-37.3439, 41.0492, 10.3
-37.289, 40.9163, 10.3
-37.2341, 40.7833, 10.3
-37.1791, 40.6503, 10.3
-37.1242, 40.5174, 10.3
-37.0693, 40.3844, 10.3
-37.0144, 40.2514, 10.3
-36.9595, 40.1185, 10.3
-36.9046, 39.9855, 10.3
-36.8497, 39.8525, 10.3
-36.7399, 39.5866, 10.3
-36.685, 39.4536, 10.3
-36.6301, 39.3206, 10.3
-36.5751, 39.1877, 10.3
-36.5202, 39.0547, 10.3
-36.4653, 38.9217, 10.3
-36.4104, 38.7888, 10.3
-36.3555, 38.6558, 10.3
-36.3006, 38.5228, 10.3
-36.2457, 38.3899, 10.3
-36.1908, 38.2569, 10.3
-36.1359, 38.1239, 10.3
-36.081, 37.991, 10.3
-36.0261, 37.858, 10.3
-35.9712, 37.725, 10.3
-35.8064, 37.3261, 10.3
-35.7515, 37.1932, 10.3
-35.6966, 37.0602, 10.3
-35.6417, 36.9272, 10.3
-35.5868, 36.7942, 10.3
-35.5319, 36.6613, 10.3
-38.6798, 43.9217, 10.3
-38.6249, 43.7887, 10.3
-38.57, 43.6558, 10.3
-38.5151, 43.5228, 10.3
-38.4602, 43.3898, 10.3
-38.4053, 43.2569, 10.3
-38.3504, 43.1239, 10.3
-38.2955, 42.9909, 10.3
-38.2406, 42.8579, 10.3
-38.1857, 42.725, 10.3
-38.1308, 42.592, 10.3
-38.0759, 42.459, 10.3
-38.0209, 42.3261, 10.3
-37.966, 42.1931, 10.3
-37.9111, 42.0601, 10.3
-37.8562, 41.9272, 10.3
-37.8013, 41.7942, 10.3
-37.7464, 41.6612, 10.3
-37.6915, 41.5283, 10.3
-37.6366, 41.3953, 10.3
-37.5817, 41.2623, 10.3
-37.5268, 41.1294, 10.3
-37.4719, 40.9964, 10.3
-37.4169, 40.8634, 10.3
-37.362, 40.7305, 10.3
-37.3071, 40.5975, 10.3
-37.2522, 40.4645, 10.3
-37.1973, 40.3315, 10.3
-37.1424, 40.1986, 10.3
-37.0875, 40.0656, 10.3
-37.0326, 39.9326, 10.3
-36.9777, 39.7997, 10.3
-36.9228, 39.6667, 10.3
-36.8679, 39.5337, 10.3
-36.8129, 39.4008, 10.3
-36.758, 39.2678, 10.3
-36.7031, 39.1348, 10.3
-36.6482, 39.0019, 10.3
-36.5933, 38.8689, 10.3
-36.5384, 38.7359, 10.3
-36.4835, 38.603, 10.3
-36.4286, 38.47, 10.3
-36.3737, 38.337, 10.3
-36.3188, 38.2041, 10.3
-36.2639, 38.0711, 10.3
-36.209, 37.9381, 10.3
-36.154, 37.8051, 10.3
-36.0442, 37.5392, 10.3
-35.9893, 37.4062, 10.3
-35.9344, 37.2733, 10.3
-35.8795, 37.1403, 10.3
-35.8246, 37.0073, 10.3
-35.7697, 36.8744, 10.3
-35.7148, 36.7414, 10.3
-35.6599, 36.6084, 10.3
-38.8078, 43.8688, 10.3
-38.7529, 43.7359, 10.3
-38.698, 43.6029, 10.3
-38.6431, 43.4699, 10.3
-38.5882, 43.337, 10.3
-38.5333, 43.204, 10.3
-38.4784, 43.071, 10.3
-38.4235, 42.9381, 10.3
-38.3686, 42.8051, 10.3
-38.3136, 42.6721, 10.3
-38.2587, 42.5392, 10.3
-38.2038, 42.4062, 10.3
-38.1489, 42.2732, 10.3
-38.094, 42.1403, 10.3
-38.0391, 42.0073, 10.3
-37.9842, 41.8743, 10.3
-37.9293, 41.7414, 10.3
-37.8744, 41.6084, 10.3
-37.8195, 41.4754, 10.3
-37.7646, 41.3424, 10.3
-37.7097, 41.2095, 10.3
-37.6547, 41.0765, 10.3
-37.5998, 40.9435, 10.3
-37.5449, 40.8106, 10.3
-37.49, 40.6776, 10.3
-37.4351, 40.5446, 10.3
-37.3802, 40.4117, 10.3
-37.3253, 40.2787, 10.3
-37.2704, 40.1457, 10.3
-37.2155, 40.0128, 10.3
-37.1606, 39.8798, 10.3
-37.1057, 39.7468, 10.3
-37.0507, 39.6139, 10.3
-36.9958, 39.4809, 10.3
-36.9409, 39.3479, 10.3
-36.886, 39.215, 10.3
-36.8311, 39.082, 10.3
-36.7762, 38.949, 10.3
-36.7213, 38.816, 10.3
-36.6664, 38.6831, 10.3
-36.6115, 38.5501, 10.3
-36.5566, 38.4171, 10.3
-36.5017, 38.2842, 10.3
-36.4467, 38.1512, 10.3
-36.3918, 38.0182, 10.3
-36.3369, 37.8853, 10.3
-36.282, 37.7523, 10.3
-36.2271, 37.6193, 10.3
-36.1722, 37.4864, 10.3
-36.1173, 37.3534, 10.3
-36.0624, 37.2204, 10.3
-36.0075, 37.0875, 10.3
-35.9526, 36.9545, 10.3
-35.8977, 36.8215, 10.3
-35.8428, 36.6885, 10.3
-35.7878, 36.5556, 10.3
-38.9358, 43.816, 10.3
-38.8809, 43.683, 10.3
-38.826, 43.5501, 10.3
-38.7711, 43.4171, 10.3
-38.7162, 43.2841, 10.3
-38.6613, 43.1512, 10.3
-38.6064, 43.0182, 10.3
-38.5514, 42.8852, 10.3
-38.4965, 42.7523, 10.3
-38.4416, 42.6193, 10.3
-38.3867, 42.4863, 10.3
-38.3318, 42.3533, 10.3
-38.2769, 42.2204, 10.3
-38.222, 42.0874, 10.3
-38.1671, 41.9544, 10.3
-38.1122, 41.8215, 10.3
-38.0573, 41.6885, 10.3
-38.0024, 41.5555, 10.3
-37.9474, 41.4226, 10.3
-37.8925, 41.2896, 10.3
-37.8376, 41.1566, 10.3
-37.7827, 41.0237, 10.3
-37.7278, 40.8907, 10.3
-37.6729, 40.7577, 10.3
-37.618, 40.6248, 10.3
-37.5631, 40.4918, 10.3
-37.5082, 40.3588, 10.3
-37.4533, 40.2258, 10.3
-37.3984, 40.0929, 10.3
-37.3434, 39.9599, 10.3
-37.2885, 39.8269, 10.3
-37.2336, 39.694, 10.3
-37.1787, 39.561, 10.3
-37.1238, 39.428, 10.3
-37.0689, 39.2951, 10.3
-37.014, 39.1621, 10.3
-36.9591, 39.0291, 10.3
-36.9042, 38.8962, 10.3
-36.8493, 38.7632, 10.3
-36.7944, 38.6302, 10.3
-36.7395, 38.4973, 10.3
-36.6845, 38.3643, 10.3
-36.6296, 38.2313, 10.3
-36.5747, 38.0984, 10.3
-36.5198, 37.9654, 10.3
-36.4649, 37.8324, 10.3
-36.41, 37.6994, 10.3
-36.3551, 37.5665, 10.3
-36.3002, 37.4335, 10.3
-36.2453, 37.3005, 10.3
-36.1904, 37.1676, 10.3
-36.1355, 37.0346, 10.3
-36.0805, 36.9016, 10.3
-36.0256, 36.7687, 10.3
-35.9707, 36.6357, 10.3
-35.9158, 36.5027, 10.3
-39.0638, 43.7631, 10.3
-39.0089, 43.6302, 10.3
-38.954, 43.4972, 10.3
-38.8991, 43.3642, 10.3
-38.8442, 43.2313, 10.3
-38.7892, 43.0983, 10.3
-38.7343, 42.9653, 10.3
-38.6794, 42.8324, 10.3
-38.6245, 42.6994, 10.3
-38.5696, 42.5664, 10.3
-38.5147, 42.4335, 10.3
-38.4598, 42.3005, 10.3
-38.4049, 42.1675, 10.3
-38.35, 42.0346, 10.3
-38.2951, 41.9016, 10.3
-38.2402, 41.7686, 10.3
-38.1852, 41.6357, 10.3
-38.1303, 41.5027, 10.3
-38.0754, 41.3697, 10.3
-38.0205, 41.2367, 10.3
-37.9656, 41.1038, 10.3
-37.9107, 40.9708, 10.3
-37.8558, 40.8378, 10.3
-37.8009, 40.7049, 10.3
-37.746, 40.5719, 10.3
-37.6911, 40.4389, 10.3
-37.6362, 40.306, 10.3
-37.5812, 40.173, 10.3
-37.5263, 40.04, 10.3
-37.4714, 39.9071, 10.3
-37.4165, 39.7741, 10.3
-37.3616, 39.6411, 10.3
-37.3067, 39.5082, 10.3
-37.2518, 39.3752, 10.3
-37.1969, 39.2422, 10.3
-37.142, 39.1093, 10.3
-37.0871, 38.9763, 10.3
-37.0322, 38.8433, 10.3
-36.9772, 38.7103, 10.3
-36.9223, 38.5774, 10.3
-36.8674, 38.4444, 10.3
-36.8125, 38.3114, 10.3
-36.7576, 38.1785, 10.3
-36.7027, 38.0455, 10.3
-36.6478, 37.9125, 10.3
-36.5929, 37.7796, 10.3
-36.538, 37.6466, 10.3
-36.4831, 37.5136, 10.3
-36.4282, 37.3807, 10.3
-36.3733, 37.2477, 10.3
-36.3183, 37.1147, 10.3
-36.2634, 36.9818, 10.3
-36.2085, 36.8488, 10.3
-36.1536, 36.7158, 10.3
-36.0987, 36.5829, 10.3
-36.0438, 36.4499, 10.3
-39.1918, 43.7103, 10.3
-39.1369, 43.5773, 10.3
-39.0819, 43.4444, 10.3
-39.027, 43.3114, 10.3
-38.9721, 43.1784, 10.3
-38.9172, 43.0455, 10.3
-38.8623, 42.9125, 10.3
-38.8074, 42.7795, 10.3
-38.7525, 42.6466, 10.3
-38.6976, 42.5136, 10.3
-38.6427, 42.3806, 10.3
-38.5878, 42.2477, 10.3
-38.5329, 42.1147, 10.3
-38.478, 41.9817, 10.3
-38.423, 41.8487, 10.3
-38.3681, 41.7158, 10.3
-38.3132, 41.5828, 10.3
-38.2583, 41.4498, 10.3
-38.2034, 41.3169, 10.3
-38.1485, 41.1839, 10.3
-38.0936, 41.0509, 10.3
-38.0387, 40.918, 10.3
-37.9838, 40.785, 10.3
-37.9289, 40.652, 10.3
-37.874, 40.5191, 10.3
-37.819, 40.3861, 10.3
-37.7641, 40.2531, 10.3
-37.7092, 40.1202, 10.3
-37.6543, 39.9872, 10.3
-37.5994, 39.8542, 10.3
-37.5445, 39.7212, 10.3
-37.4896, 39.5883, 10.3
-37.4347, 39.4553, 10.3
-37.3798, 39.3223, 10.3
-37.3249, 39.1894, 10.3
-37.27, 39.0564, 10.3
-37.215, 38.9234, 10.3
-37.1601, 38.7905, 10.3
-37.1052, 38.6575, 10.3
-37.0503, 38.5245, 10.3
-36.9954, 38.3916, 10.3
-36.9405, 38.2586, 10.3
-36.8856, 38.1256, 10.3
-36.8307, 37.9927, 10.3
-36.7758, 37.8597, 10.3
-36.7209, 37.7267, 10.3
-36.666, 37.5938, 10.3
-36.611, 37.4608, 10.3
-36.5561, 37.3278, 10.3
-36.5012, 37.1948, 10.3
-36.4463, 37.0619, 10.3
-36.3914, 36.9289, 10.3
-36.3365, 36.7959, 10.3
-36.2816, 36.663, 10.3
-36.2267, 36.53, 10.3
-36.1718, 36.397, 10.3
-39.3197, 43.6575, 10.3
-39.2648, 43.5245, 10.3
-39.2099, 43.3915, 10.3
-39.155, 43.2585, 10.3
-39.1001, 43.1256, 10.3
-39.0452, 42.9926, 10.3
-38.9903, 42.8596, 10.3
-38.9354, 42.7267, 10.3
-38.8805, 42.5937, 10.3
-38.8256, 42.4607, 10.3
-38.7707, 42.3278, 10.3
-38.7157, 42.1948, 10.3
-38.6608, 42.0618, 10.3
-38.6059, 41.9289, 10.3
-38.551, 41.7959, 10.3
-38.4961, 41.6629, 10.3
-38.4412, 41.53, 10.3
-38.3863, 41.397, 10.3
-38.3314, 41.264, 10.3
-38.2765, 41.1311, 10.3
-38.2216, 40.9981, 10.3
-38.1667, 40.8651, 10.3
-38.1117, 40.7321, 10.3
-38.0568, 40.5992, 10.3
-38.0019, 40.4662, 10.3
-37.947, 40.3332, 10.3
-37.8921, 40.2003, 10.3
-37.8372, 40.0673, 10.3
-37.7823, 39.9343, 10.3
-37.7274, 39.8014, 10.3
-37.6725, 39.6684, 10.3
-37.6176, 39.5354, 10.3
-37.5627, 39.4025, 10.3
-37.5078, 39.2695, 10.3
-37.4528, 39.1365, 10.3
-37.3979, 39.0036, 10.3
-37.343, 38.8706, 10.3
-37.2881, 38.7376, 10.3
-37.2332, 38.6047, 10.3
-37.1783, 38.4717, 10.3
-37.1234, 38.3387, 10.3
-37.0685, 38.2057, 10.3
-37.0136, 38.0728, 10.3
-36.9587, 37.9398, 10.3
-36.9038, 37.8068, 10.3
-36.8488, 37.6739, 10.3
-36.7939, 37.5409, 10.3
-36.739, 37.4079, 10.3
-36.6841, 37.275, 10.3
-36.6292, 37.142, 10.3
-36.5743, 37.009, 10.3
-36.5194, 36.8761, 10.3
-36.4645, 36.7431, 10.3
-36.4096, 36.6101, 10.3
-36.3547, 36.4772, 10.3
-36.2998, 36.3442, 10.3
-37.9479, 42.5119, 10.3