-36.3025, 36.3396, 10.5
-36.1745, 36.3925, 10.5
-36.0464, 36.4454, 10.5
-35.9184, 36.4983, 10.5
-35.7903, 36.5511, 10.5
-35.6623, 36.604, 10.5
-35.5343, 36.6569, 10.5
-35.4062, 36.7097, 10.5
-35.2782, 36.7626, 10.5
-35.1502, 36.8155, 10.5
-35.0221, 36.8684, 10.5
-34.8941, 36.9212, 10.5
-34.766, 36.9741, 10.5
-34.638, 37.027, 10.5
-34.5099, 37.0799, 10.5
-34.3819, 37.1327, 10.5
-34.2539, 37.1856, 10.5
-34.1258, 37.2385, 10.5
-33.9978, 37.2914, 10.5
-33.8698, 37.3442, 10.5
-33.7417, 37.3971, 10.5
-33.6137, 37.45, 10.5
-33.4856, 37.5028, 10.5
-33.3576, 37.5557, 10.5
-33.2296, 37.6086, 10.5
-36.3574, 36.4726, 10.5
-36.2294, 36.5254, 10.5
-36.1013, 36.5783, 10.5
-35.9733, 36.6312, 10.5
-35.8452, 36.6841, 10.5
-35.7172, 36.7369, 10.5
-35.5892, 36.7898, 10.5
-35.4611, 36.8427, 10.5
-35.3331, 36.8956, 10.5
-35.205, 36.9484, 10.5
-35.077, 37.0013, 10.5
-34.949, 37.0542, 10.5
-34.8209, 37.1071, 10.5
-34.6929, 37.1599, 10.5
-34.5648, 37.2128, 10.5
-34.4368, 37.2657, 10.5
-34.3088, 37.3186, 10.5
-34.1807, 37.3714, 10.5
-34.0527, 37.4243, 10.5
-33.9247, 37.4772, 10.5
-33.7966, 37.53, 10.5
-33.6686, 37.5829, 10.5
-33.5405, 37.6358, 10.5
-33.4125, 37.6887, 10.5
-33.2845, 37.7415, 10.5
-36.4123, 36.6055, 10.5
-36.2843, 36.6584, 10.5
-36.1562, 36.7113, 10.5
-36.0282, 36.7641, 10.5
-35.9001, 36.817, 10.5
-35.7721, 36.8699, 10.5
-35.6441, 36.9228, 10.5
-35.516, 36.9756, 10.5
-35.388, 37.0285, 10.5
-35.2599, 37.0814, 10.5
-35.1319, 37.1343, 10.5
-35.0039, 37.1871, 10.5
-34.8758, 37.24, 10.5
-34.7478, 37.2929, 10.5
-34.6197, 37.3457, 10.5
-34.4917, 37.3986, 10.5
-34.3637, 37.4515, 10.5
-34.2356, 37.5044, 10.5
-34.1076, 37.5572, 10.5
-33.9795, 37.6101, 10.5
-33.8515, 37.663, 10.5
-33.7235, 37.7159, 10.5
-33.5954, 37.7687, 10.5
-33.4674, 37.8216, 10.5
-33.3394, 37.8745, 10.5
-36.4672, 36.7385, 10.5
-36.3392, 36.7913, 10.5
-36.2111, 36.8442, 10.5
-36.0831, 36.8971, 10.5
-35.955, 36.95, 10.5
-35.827, 37.0028, 10.5
-35.699, 37.0557, 10.5
-35.5709, 37.1086, 10.5
-35.4429, 37.1614, 10.5
-35.3148, 37.2143, 10.5
-35.1868, 37.2672, 10.5
-35.0588, 37.3201, 10.5
-34.9307, 37.3729, 10.5
-34.8027, 37.4258, 10.5
-34.6746, 37.4787, 10.5
-34.5466, 37.5316, 10.5
-34.4186, 37.5844, 10.5
-34.2905, 37.6373, 10.5
-34.1625, 37.6902, 10.5
-34.0344, 37.7431, 10.5
-33.9064, 37.7959, 10.5
-33.7784, 37.8488, 10.5
-33.6503, 37.9017, 10.5
-33.5223, 37.9546, 10.5
-33.3942, 38.0074, 10.5
-36.5221, 36.8714, 10.5
-36.3941, 36.9243, 10.5
-36.266, 36.9771, 10.5
-36.138, 37.03, 10.5
-36.0099, 37.0829, 10.5
-35.8819, 37.1358, 10.5
-35.7539, 37.1886, 10.5
-35.6258, 37.2415, 10.5
-35.4978, 37.2944, 10.5
-35.3697, 37.3473, 10.5
-35.2417, 37.4001, 10.5
-35.1137, 37.453, 10.5
-34.9856, 37.5059, 10.5
-34.8576, 37.5588, 10.5
-34.7295, 37.6116, 10.5
-34.6015, 37.6645, 10.5
-34.4735, 37.7174, 10.5
-34.3454, 37.7703, 10.5
-34.2174, 37.8231, 10.5
-34.0893, 37.876, 10.5
-33.9613, 37.9289, 10.5
-33.8333, 37.9817, 10.5
-33.7052, 38.0346, 10.5
-33.5772, 38.0875, 10.5
-33.4491, 38.1404, 10.5
-36.577, 37.0043, 10.5
-36.449, 37.0572, 10.5
-36.3209, 37.1101, 10.5
-36.1929, 37.163, 10.5
-36.0648, 37.2158, 10.5
-35.9368, 37.2687, 10.5
-35.8088, 37.3216, 10.5
-35.6807, 37.3745, 10.5
-35.5527, 37.4273, 10.5
-35.4246, 37.4802, 10.5
-35.2966, 37.5331, 10.5
-35.1686, 37.586, 10.5
-35.0405, 37.6388, 10.5
-34.9125, 37.6917, 10.5
-34.7844, 37.7446, 10.5
-34.6564, 37.7975, 10.5
-34.5284, 37.8503, 10.5
-34.4003, 37.9032, 10.5
-34.2723, 37.9561, 10.5
-34.1442, 38.0089, 10.5
-34.0162, 38.0618, 10.5
-33.8882, 38.1147, 10.5
-33.7601, 38.1676, 10.5
-33.6321, 38.2204, 10.5
-33.504, 38.2733, 10.5
-36.6319, 37.1373, 10.5
-36.5039, 37.1902, 10.5
-36.3758, 37.243, 10.5
-36.2478, 37.2959, 10.5
-36.1197, 37.3488, 10.5
-35.9917, 37.4017, 10.5
-35.8637, 37.4545, 10.5
-35.7356, 37.5074, 10.5
-35.6076, 37.5603, 10.5
-35.4795, 37.6132, 10.5
-35.3515, 37.666, 10.5
-35.2235, 37.7189, 10.5
-35.0954, 37.7718, 10.5
-34.9674, 37.8246, 10.5
-34.8393, 37.8775, 10.5
-34.7113, 37.9304, 10.5
-34.5833, 37.9833, 10.5
-34.4552, 38.0361, 10.5
-34.3272, 38.089, 10.5
-34.1991, 38.1419, 10.5
-34.0711, 38.1948, 10.5
-33.9431, 38.2476, 10.5
-33.815, 38.3005, 10.5
-33.687, 38.3534, 10.5
-33.5589, 38.4063, 10.5
-36.6868, 37.2702, 10.5
-36.5588, 37.3231, 10.5
-36.4307, 37.376, 10.5
-36.3027, 37.4289, 10.5
-36.1746, 37.4817, 10.5
-36.0466, 37.5346, 10.5
-35.9186, 37.5875, 10.5
-35.7905, 37.6403, 10.5
-35.6625, 37.6932, 10.5
-35.5344, 37.7461, 10.5
-35.4064, 37.799, 10.5
-35.2784, 37.8518, 10.5
-35.1503, 37.9047, 10.5
-35.0223, 37.9576, 10.5
-34.8942, 38.0105, 10.5
-34.7662, 38.0633, 10.5
-34.6382, 38.1162, 10.5
-34.5101, 38.1691, 10.5
-34.3821, 38.222, 10.5
-34.254, 38.2748, 10.5
-34.126, 38.3277, 10.5
-33.998, 38.3806, 10.5
-33.8699, 38.4334, 10.5
-33.7419, 38.4863, 10.5
-33.6138, 38.5392, 10.5
-36.7417, 37.4032, 10.5
-36.6137, 37.4561, 10.5
-36.4856, 37.5089, 10.5
-36.3576, 37.5618, 10.5
-36.2295, 37.6147, 10.5
-36.1015, 37.6675, 10.5
-35.9735, 37.7204, 10.5
-35.8454, 37.7733, 10.5
-35.7174, 37.8262, 10.5
-35.5893, 37.879, 10.5
-35.4613, 37.9319, 10.5
-35.3333, 37.9848, 10.5
-35.2052, 38.0377, 10.5
-35.0772, 38.0905, 10.5
-34.9491, 38.1434, 10.5
-34.8211, 38.1963, 10.5
-34.6931, 38.2492, 10.5
-34.565, 38.302, 10.5
-34.437, 38.3549, 10.5
-34.3089, 38.4078, 10.5
-34.1809, 38.4606, 10.5
-34.0529, 38.5135, 10.5
-33.9248, 38.5664, 10.5
-33.7968, 38.6193, 10.5
-33.6687, 38.6721, 10.5
-36.7966, 37.5361, 10.5
-36.6686, 37.589, 10.5
-36.5405, 37.6419, 10.5
-36.4125, 37.6947, 10.5
-36.2844, 37.7476, 10.5
-36.1564, 37.8005, 10.5
-36.0284, 37.8534, 10.5
-35.9003, 37.9062, 10.5
-35.7723, 37.9591, 10.5
-35.6442, 38.012, 10.5
-35.5162, 38.0649, 10.5
-35.3882, 38.1177, 10.5
-35.2601, 38.1706, 10.5
-35.1321, 38.2235, 10.5
-35.004, 38.2763, 10.5
-34.876, 38.3292, 10.5
-34.748, 38.3821, 10.5
-34.6199, 38.435, 10.5
-34.4919, 38.4878, 10.5
-34.3638, 38.5407, 10.5
-34.2358, 38.5936, 10.5
-34.1078, 38.6465, 10.5
-33.9797, 38.6993, 10.5
-33.8517, 38.7522, 10.5
-33.7236, 38.8051, 10.5
-36.8515, 37.6691, 10.5
-36.7234, 37.7219, 10.5
-36.5954, 37.7748, 10.5
-36.4674, 37.8277, 10.5
-36.3393, 37.8806, 10.5
-36.2113, 37.9334, 10.5
-36.0833, 37.9863, 10.5
-35.9552, 38.0392, 10.5
-35.8272, 38.092, 10.5
-35.6991, 38.1449, 10.5
-35.5711, 38.1978, 10.5
-35.4431, 38.2507, 10.5
-35.315, 38.3035, 10.5
-35.187, 38.3564, 10.5
-35.0589, 38.4093, 10.5
-34.9309, 38.4622, 10.5
-34.8029, 38.515, 10.5
-34.6748, 38.5679, 10.5
-34.5468, 38.6208, 10.5
-34.4187, 38.6737, 10.5
-34.2907, 38.7265, 10.5
-34.1627, 38.7794, 10.5
-34.0346, 38.8323, 10.5
-33.9066, 38.8852, 10.5
-33.7785, 38.938, 10.5
-36.9064, 37.802, 10.5
-36.7783, 37.8549, 10.5
-36.6503, 37.9078, 10.5
-36.5223, 37.9606, 10.5
-36.3942, 38.0135, 10.5
-36.2662, 38.0664, 10.5
-36.1381, 38.1192, 10.5
-36.0101, 38.1721, 10.5
-35.8821, 38.225, 10.5
-35.754, 38.2779, 10.5
-35.626, 38.3307, 10.5
-35.498, 38.3836, 10.5
-35.3699, 38.4365, 10.5
-35.2419, 38.4894, 10.5
-35.1138, 38.5422, 10.5
-34.9858, 38.5951, 10.5
-34.8578, 38.648, 10.5
-34.7297, 38.7009, 10.5
-34.6017, 38.7537, 10.5
-34.4736, 38.8066, 10.5
-34.3456, 38.8595, 10.5
-34.2176, 38.9123, 10.5
-34.0895, 38.9652, 10.5
-33.9615, 39.0181, 10.5
-33.8334, 39.071, 10.5
-36.9613, 37.9349, 10.5
-36.8332, 37.9878, 10.5
-36.7052, 38.0407, 10.5
-36.5772, 38.0936, 10.5
-36.4491, 38.1464, 10.5
-36.3211, 38.1993, 10.5
-36.193, 38.2522, 10.5
-36.065, 38.3051, 10.5
-35.937, 38.3579, 10.5
-35.8089, 38.4108, 10.5
-35.6809, 38.4637, 10.5
-35.5528, 38.5166, 10.5
-35.4248, 38.5694, 10.5
-35.2968, 38.6223, 10.5
-35.1687, 38.6752, 10.5
-35.0407, 38.7281, 10.5
-34.9127, 38.7809, 10.5
-34.7846, 38.8338, 10.5
-34.6566, 38.8867, 10.5
-34.5285, 38.9395, 10.5
-34.4005, 38.9924, 10.5
-34.2725, 39.0453, 10.5
-34.1444, 39.0982, 10.5
-34.0164, 39.151, 10.5
-33.8883, 39.2039, 10.5
-37.0162, 38.0679, 10.5
-36.8881, 38.1208, 10.5
-36.7601, 38.1736, 10.5
-36.6321, 38.2265, 10.5
-36.504, 38.2794, 10.5
-36.376, 38.3323, 10.5
-36.2479, 38.3851, 10.5
-36.1199, 38.438, 10.5
-35.9919, 38.4909, 10.5
-35.8638, 38.5438, 10.5
-35.7358, 38.5966, 10.5
-35.6077, 38.6495, 10.5
-35.4797, 38.7024, 10.5
-35.3517, 38.7552, 10.5
-35.2236, 38.8081, 10.5
-35.0956, 38.861, 10.5
-34.9675, 38.9139, 10.5
-34.8395, 38.9667, 10.5
-34.7115, 39.0196, 10.5
-34.5834, 39.0725, 10.5
-34.4554, 39.1254, 10.5
-34.3274, 39.1782, 10.5
-34.1993, 39.2311, 10.5
-34.0713, 39.284, 10.5
-33.9432, 39.3369, 10.5
-37.0711, 38.2008, 10.5
-36.943, 38.2537, 10.5
-36.815, 38.3066, 10.5
-36.687, 38.3595, 10.5
-36.5589, 38.4123, 10.5
-36.4309, 38.4652, 10.5
-36.3028, 38.5181, 10.5
-36.1748, 38.5709, 10.5
-36.0468, 38.6238, 10.5
-35.9187, 38.6767, 10.5
-35.7907, 38.7296, 10.5
-35.6626, 38.7824, 10.5
-35.5346, 38.8353, 10.5
-35.4066, 38.8882, 10.5
-35.2785, 38.9411, 10.5
-35.1505, 38.9939, 10.5
-35.0224, 39.0468, 10.5
-34.8944, 39.0997, 10.5
-34.7664, 39.1526, 10.5
-34.6383, 39.2054, 10.5
-34.5103, 39.2583, 10.5
-34.3823, 39.3112, 10.5
-34.2542, 39.3641, 10.5
-34.1262, 39.4169, 10.5
-33.9981, 39.4698, 10.5
-37.126, 38.3338, 10.5
-36.9979, 38.3867, 10.5
-36.8699, 38.4395, 10.5
-36.7419, 38.4924, 10.5
-36.6138, 38.5453, 10.5
-36.4858, 38.5981, 10.5
-36.3577, 38.651, 10.5
-36.2297, 38.7039, 10.5
-36.1017, 38.7568, 10.5
-35.9736, 38.8096, 10.5
-35.8456, 38.8625, 10.5
-35.7175, 38.9154, 10.5
-35.5895, 38.9683, 10.5
-35.4615, 39.0211, 10.5
-35.3334, 39.074, 10.5
-35.2054, 39.1269, 10.5
-35.0773, 39.1798, 10.5
-34.9493, 39.2326, 10.5
-34.8213, 39.2855, 10.5
-34.6932, 39.3384, 10.5
-34.5652, 39.3912, 10.5
-34.4371, 39.4441, 10.5
-34.3091, 39.497, 10.5
-34.1811, 39.5499, 10.5
-34.053, 39.6027, 10.5
-37.1809, 38.4667, 10.5
-37.0528, 38.5196, 10.5
-36.9248, 38.5725, 10.5
-36.7968, 38.6253, 10.5
-36.6687, 38.6782, 10.5
-36.5407, 38.7311, 10.5
-36.4126, 38.784, 10.5
-36.2846, 38.8368, 10.5
-36.1566, 38.8897, 10.5
-36.0285, 38.9426, 10.5
-35.9005, 38.9955, 10.5
-35.7724, 39.0483, 10.5
-35.6444, 39.1012, 10.5
-35.5164, 39.1541, 10.5
-35.3883, 39.207, 10.5
-35.2603, 39.2598, 10.5
-35.1322, 39.3127, 10.5
-35.0042, 39.3656, 10.5
-34.8762, 39.4184, 10.5
-34.7481, 39.4713, 10.5
-34.6201, 39.5242, 10.5
-34.492, 39.5771, 10.5
-34.364, 39.6299, 10.5
-34.236, 39.6828, 10.5
-34.1079, 39.7357, 10.5
-37.2358, 38.5997, 10.5
-37.1077, 38.6525, 10.5
-36.9797, 38.7054, 10.5
-36.8517, 38.7583, 10.5
-36.7236, 38.8112, 10.5
-36.5956, 38.864, 10.5
-36.4675, 38.9169, 10.5
-36.3395, 38.9698, 10.5
-36.2115, 39.0227, 10.5
-36.0834, 39.0755, 10.5
-35.9554, 39.1284, 10.5
-35.8273, 39.1813, 10.5
-35.6993, 39.2341, 10.5
-35.5713, 39.287, 10.5
-35.4432, 39.3399, 10.5
-35.3152, 39.3928, 10.5
-35.1871, 39.4456, 10.5
-35.0591, 39.4985, 10.5
-34.9311, 39.5514, 10.5
-34.803, 39.6043, 10.5
-34.675, 39.6571, 10.5
-34.5469, 39.71, 10.5
-34.4189, 39.7629, 10.5
-34.2909, 39.8158, 10.5
-34.1628, 39.8686, 10.5
-37.2907, 38.7326, 10.5
-37.1626, 38.7855, 10.5
-37.0346, 38.8384, 10.5
-36.9066, 38.8912, 10.5
-36.7785, 38.9441, 10.5
-36.6505, 38.997, 10.5
-36.5224, 39.0498, 10.5
-36.3944, 39.1027, 10.5
-36.2664, 39.1556, 10.5
-36.1383, 39.2085, 10.5
-36.0103, 39.2613, 10.5
-35.8822, 39.3142, 10.5
-35.7542, 39.3671, 10.5
-35.6262, 39.42, 10.5
-35.4981, 39.4728, 10.5
-35.3701, 39.5257, 10.5
-35.242, 39.5786, 10.5
-35.114, 39.6315, 10.5
-34.986, 39.6843, 10.5
-34.8579, 39.7372, 10.5
-34.7299, 39.7901, 10.5
-34.6018, 39.8429, 10.5
-34.4738, 39.8958, 10.5
-34.3458, 39.9487, 10.5
-34.2177, 40.0016, 10.5
-37.3456, 38.8656, 10.5
-37.2175, 38.9184, 10.5
-37.0895, 38.9713, 10.5
-36.9615, 39.0242, 10.5
-36.8334, 39.077, 10.5
-36.7054, 39.1299, 10.5
-36.5773, 39.1828, 10.5
-36.4493, 39.2357, 10.5
-36.3213, 39.2885, 10.5
-36.1932, 39.3414, 10.5
-36.0652, 39.3943, 10.5
-35.9371, 39.4472, 10.5
-35.8091, 39.5, 10.5
-35.6811, 39.5529, 10.5
-35.553, 39.6058, 10.5
-35.425, 39.6587, 10.5
-35.2969, 39.7115, 10.5
-35.1689, 39.7644, 10.5
-35.0409, 39.8173, 10.5
-34.9128, 39.8701, 10.5
-34.7848, 39.923, 10.5
-34.6567, 39.9759, 10.5
-34.5287, 40.0288, 10.5
-34.4007, 40.0816, 10.5
-34.2726, 40.1345, 10.5
-37.4005, 38.9985, 10.5
-37.2724, 39.0514, 10.5
-37.1444, 39.1042, 10.5
-37.0164, 39.1571, 10.5
-36.8883, 39.21, 10.5
-36.7603, 39.2629, 10.5
-36.6322, 39.3157, 10.5
-36.5042, 39.3686, 10.5
-36.3762, 39.4215, 10.5
-36.2481, 39.4744, 10.5
-36.1201, 39.5272, 10.5
-35.992, 39.5801, 10.5
-35.864, 39.633, 10.5
-35.736, 39.6858, 10.5
-35.6079, 39.7387, 10.5
-35.4799, 39.7916, 10.5
-35.3518, 39.8445, 10.5
-35.2238, 39.8973, 10.5
-35.0958, 39.9502, 10.5
-34.9677, 40.0031, 10.5
-34.8397, 40.056, 10.5
-34.7116, 40.1088, 10.5
-34.5836, 40.1617, 10.5
-34.4556, 40.2146, 10.5
-34.3275, 40.2675, 10.5
-37.4554, 39.1314, 10.5
-37.3273, 39.1843, 10.5
-37.1993, 39.2372, 10.5
-37.0713, 39.2901, 10.5
-36.9432, 39.3429, 10.5
-36.8152, 39.3958, 10.5
-36.6871, 39.4487, 10.5
-36.5591, 39.5015, 10.5
-36.4311, 39.5544, 10.5
-36.303, 39.6073, 10.5
-36.175, 39.6602, 10.5
-36.0469, 39.713, 10.5
-35.9189, 39.7659, 10.5
-35.7909, 39.8188, 10.5
-35.6628, 39.8717, 10.5
-35.5348, 39.9245, 10.5
-35.4067, 39.9774, 10.5
-35.2787, 40.0303, 10.5
-35.1507, 40.0832, 10.5
-35.0226, 40.136, 10.5
-34.8946, 40.1889, 10.5
-34.7665, 40.2418, 10.5
-34.6385, 40.2947, 10.5
-34.5105, 40.3475, 10.5
-34.3824, 40.4004, 10.5
-37.5103, 39.2644, 10.5
-37.3822, 39.3173, 10.5
-37.2542, 39.3701, 10.5
-37.1261, 39.423, 10.5
-36.9981, 39.4759, 10.5
-36.8701, 39.5287, 10.5
-36.742, 39.5816, 10.5
-36.614, 39.6345, 10.5
-36.486, 39.6874, 10.5
-36.3579, 39.7402, 10.5
-36.2299, 39.7931, 10.5
-36.1018, 39.846, 10.5
-35.9738, 39.8989, 10.5
-35.8458, 39.9517, 10.5
-35.7177, 40.0046, 10.5
-35.5897, 40.0575, 10.5
-35.4616, 40.1104, 10.5
-35.3336, 40.1632, 10.5
-35.2056, 40.2161, 10.5
-35.0775, 40.269, 10.5
-34.9495, 40.3218, 10.5
-34.8214, 40.3747, 10.5
-34.6934, 40.4276, 10.5
-34.5654, 40.4805, 10.5
-34.4373, 40.5333, 10.5
-37.5652, 39.3973, 10.5
-37.4371, 39.4502, 10.5
-37.3091, 39.5031, 10.5
-37.181, 39.5559, 10.5
-37.053, 39.6088, 10.5
-36.925, 39.6617, 10.5
-36.7969, 39.7146, 10.5
-36.6689, 39.7674, 10.5
-36.5409, 39.8203, 10.5
-36.4128, 39.8732, 10.5
-36.2848, 39.9261, 10.5
-36.1567, 39.9789, 10.5
-36.0287, 40.0318, 10.5
-35.9007, 40.0847, 10.5
-35.7726, 40.1376, 10.5
-35.6446, 40.1904, 10.5
-35.5165, 40.2433, 10.5
-35.3885, 40.2962, 10.5
-35.2605, 40.349, 10.5
-35.1324, 40.4019, 10.5
-35.0044, 40.4548, 10.5
-34.8763, 40.5077, 10.5
-34.7483, 40.5605, 10.5
-34.6203, 40.6134, 10.5
-34.4922, 40.6663, 10.5
-37.6201, 39.5303, 10.5
-37.492, 39.5831, 10.5
-37.364, 39.636, 10.5
-37.2359, 39.6889, 10.5
-37.1079, 39.7418, 10.5
-36.9799, 39.7946, 10.5
-36.8518, 39.8475, 10.5
-36.7238, 39.9004, 10.5
-36.5957, 39.9533, 10.5
-36.4677, 40.0061, 10.5
-36.3397, 40.059, 10.5
-36.2116, 40.1119, 10.5
-36.0836, 40.1647, 10.5
-35.9556, 40.2176, 10.5
-35.8275, 40.2705, 10.5
-35.6995, 40.3234, 10.5
-35.5714, 40.3762, 10.5
-35.4434, 40.4291, 10.5
-35.3154, 40.482, 10.5
-35.1873, 40.5349, 10.5
-35.0593, 40.5877, 10.5
-34.9312, 40.6406, 10.5
-34.8032, 40.6935, 10.5
-34.6752, 40.7464, 10.5
-34.5471, 40.7992, 10.5
-37.675, 39.6632, 10.5
-37.5469, 39.7161, 10.5
-37.4189, 39.769, 10.5
-37.2908, 39.8218, 10.5
-37.1628, 39.8747, 10.5
-37.0348, 39.9276, 10.5
-36.9067, 39.9804, 10.5
-36.7787, 40.0333, 10.5
-36.6506, 40.0862, 10.5
-36.5226, 40.1391, 10.5
-36.3946, 40.1919, 10.5
-36.2665, 40.2448, 10.5
-36.1385, 40.2977, 10.5
-36.0104, 40.3506, 10.5
-35.8824, 40.4034, 10.5
-35.7544, 40.4563, 10.5
-35.6263, 40.5092, 10.5
-35.4983, 40.5621, 10.5
-35.3703, 40.6149, 10.5
-35.2422, 40.6678, 10.5
-35.1142, 40.7207, 10.5
-34.9861, 40.7736, 10.5
-34.8581, 40.8264, 10.5
-34.7301, 40.8793, 10.5
-34.602, 40.9322, 10.5
-37.7299, 39.7962, 10.5
-37.6018, 39.849, 10.5
-37.4738, 39.9019, 10.5
-37.3457, 39.9548, 10.5
-37.2177, 40.0076, 10.5
-37.0897, 40.0605, 10.5
-36.9616, 40.1134, 10.5
-36.8336, 40.1663, 10.5
-36.7055, 40.2191, 10.5
-36.5775, 40.272, 10.5
-36.4495, 40.3249, 10.5
-36.3214, 40.3778, 10.5
-36.1934, 40.4306, 10.5
-36.0653, 40.4835, 10.5
-35.9373, 40.5364, 10.5
-35.8093, 40.5893, 10.5
-35.6812, 40.6421, 10.5
-35.5532, 40.695, 10.5
-35.4251, 40.7479, 10.5
-35.2971, 40.8007, 10.5
-35.1691, 40.8536, 10.5
-35.041, 40.9065, 10.5
-34.913, 40.9594, 10.5
-34.785, 41.0122, 10.5
-34.6569, 41.0651, 10.5
-37.7848, 39.9291, 10.5
-37.6567, 39.982, 10.5
-37.5287, 40.0348, 10.5
-37.4006, 40.0877, 10.5
-37.2726, 40.1406, 10.5
-37.1446, 40.1935, 10.5
-37.0165, 40.2463, 10.5
-36.8885, 40.2992, 10.5
-36.7604, 40.3521, 10.5
-36.6324, 40.405, 10.5
-36.5044, 40.4578, 10.5
-36.3763, 40.5107, 10.5
-36.2483, 40.5636, 10.5
-36.1202, 40.6165, 10.5
-35.9922, 40.6693, 10.5
-35.8642, 40.7222, 10.5
-35.7361, 40.7751, 10.5
-35.6081, 40.8279, 10.5
-35.48, 40.8808, 10.5
-35.352, 40.9337, 10.5
-35.224, 40.9866, 10.5
-35.0959, 41.0394, 10.5
-34.9679, 41.0923, 10.5
-34.8399, 41.1452, 10.5
-34.7118, 41.1981, 10.5
-37.8397, 40.062, 10.5
-37.7116, 40.1149, 10.5
-37.5836, 40.1678, 10.5
-37.4555, 40.2207, 10.5
-37.3275, 40.2735, 10.5
-37.1995, 40.3264, 10.5
-37.0714, 40.3793, 10.5
-36.9434, 40.4322, 10.5
-36.8153, 40.485, 10.5
-36.6873, 40.5379, 10.5
-36.5593, 40.5908, 10.5
-36.4312, 40.6436, 10.5
-36.3032, 40.6965, 10.5
-36.1751, 40.7494, 10.5
-36.0471, 40.8023, 10.5
-35.9191, 40.8551, 10.5
-35.791, 40.908, 10.5
-35.663, 40.9609, 10.5
-35.5349, 41.0138, 10.5
-35.4069, 41.0666, 10.5
-35.2789, 41.1195, 10.5
-35.1508, 41.1724, 10.5
-35.0228, 41.2253, 10.5
-34.8947, 41.2781, 10.5
-34.7667, 41.331, 10.5
-37.8946, 40.195, 10.5
-37.7665, 40.2479, 10.5
-37.6385, 40.3007, 10.5
-37.5104, 40.3536, 10.5
-37.3824, 40.4065, 10.5
-37.2544, 40.4593, 10.5
-37.1263, 40.5122, 10.5
-36.9983, 40.5651, 10.5
-36.8702, 40.618, 10.5
-36.7422, 40.6708, 10.5
-36.6142, 40.7237, 10.5
-36.4861, 40.7766, 10.5
-36.3581, 40.8295, 10.5
-36.23, 40.8823, 10.5
-36.102, 40.9352, 10.5
-35.974, 40.9881, 10.5
-35.8459, 41.041, 10.5
-35.7179, 41.0938, 10.5
-35.5898, 41.1467, 10.5
-35.4618, 41.1996, 10.5
-35.3338, 41.2524, 10.5
-35.2057, 41.3053, 10.5
-35.0777, 41.3582, 10.5
-34.9496, 41.4111, 10.5
-34.8216, 41.4639, 10.5
-37.9495, 40.3279, 10.5
-37.8214, 40.3808, 10.5
-37.6934, 40.4337, 10.5
-37.5653, 40.4865, 10.5
-37.4373, 40.5394, 10.5
-37.3093, 40.5923, 10.5
-37.1812, 40.6452, 10.5
-37.0532, 40.698, 10.5
-36.9251, 40.7509, 10.5
-36.7971, 40.8038, 10.5
-36.6691, 40.8567, 10.5
-36.541, 40.9095, 10.5
-36.413, 40.9624, 10.5
-36.2849, 41.0153, 10.5
-36.1569, 41.0682, 10.5
-36.0289, 41.121, 10.5
-35.9008, 41.1739, 10.5
-35.7728, 41.2268, 10.5
-35.6447, 41.2796, 10.5
-35.5167, 41.3325, 10.5
-35.3887, 41.3854, 10.5
-35.2606, 41.4383, 10.5
-35.1326, 41.4911, 10.5
-35.0045, 41.544, 10.5
-34.8765, 41.5969, 10.5
-38.0044, 40.4609, 10.5
-37.8763, 40.5137, 10.5
-37.7483, 40.5666, 10.5
-37.6202, 40.6195, 10.5
-37.4922, 40.6724, 10.5
-37.3642, 40.7252, 10.5
-37.2361, 40.7781, 10.5
-37.1081, 40.831, 10.5
-36.98, 40.8839, 10.5
-36.852, 40.9367, 10.5
-36.724, 40.9896, 10.5
-36.5959, 41.0425, 10.5
-36.4679, 41.0953, 10.5
-36.3398, 41.1482, 10.5
-36.2118, 41.2011, 10.5
-36.0838, 41.254, 10.5
-35.9557, 41.3068, 10.5
-35.8277, 41.3597, 10.5
-35.6996, 41.4126, 10.5
-35.5716, 41.4655, 10.5
-35.4436, 41.5183, 10.5
-35.3155, 41.5712, 10.5
-35.1875, 41.6241, 10.5
-35.0594, 41.677, 10.5
-34.9314, 41.7298, 10.5
-38.0593, 40.5938, 10.5
-37.9312, 40.6467, 10.5
-37.8032, 40.6996, 10.5
-37.6751, 40.7524, 10.5
-37.5471, 40.8053, 10.5
-37.4191, 40.8582, 10.5
-37.291, 40.911, 10.5
-37.163, 40.9639, 10.5
-37.0349, 41.0168, 10.5
-36.9069, 41.0697, 10.5
-36.7789, 41.1225, 10.5
-36.6508, 41.1754, 10.5
-36.5228, 41.2283, 10.5
-36.3947, 41.2812, 10.5
-36.2667, 41.334, 10.5
-36.1387, 41.3869, 10.5
-36.0106, 41.4398, 10.5
-35.8826, 41.4927, 10.5
-35.7545, 41.5455, 10.5
-35.6265, 41.5984, 10.5
-35.4985, 41.6513, 10.5
-35.3704, 41.7042, 10.5
-35.2424, 41.757, 10.5
-35.1143, 41.8099, 10.5
-34.9863, 41.8628, 10.5
-38.1142, 40.7268, 10.5
-37.9861, 40.7796, 10.5
-37.8581, 40.8325, 10.5
-37.73, 40.8854, 10.5
-37.602, 40.9382, 10.5
-37.474, 40.9911, 10.5
-37.3459, 41.044, 10.5
-37.2179, 41.0969, 10.5
-37.0898, 41.1497, 10.5
-36.9618, 41.2026, 10.5
-36.8338, 41.2555, 10.5
-36.7057, 41.3084, 10.5
-36.5777, 41.3612, 10.5
-36.4496, 41.4141, 10.5
-36.3216, 41.467, 10.5
-36.1936, 41.5199, 10.5
-36.0655, 41.5727, 10.5
-35.9375, 41.6256, 10.5
-35.8094, 41.6785, 10.5
-35.6814, 41.7313, 10.5
-35.5534, 41.7842, 10.5
-35.4253, 41.8371, 10.5
-35.2973, 41.89, 10.5
-35.1692, 41.9428, 10.5
-35.0412, 41.9957, 10.5
-38.169, 40.8597, 10.5
-38.041, 40.9126, 10.5
-37.913, 40.9654, 10.5
-37.7849, 41.0183, 10.5
-37.6569, 41.0712, 10.5
-37.5289, 41.1241, 10.5
-37.4008, 41.1769, 10.5
-37.2728, 41.2298, 10.5
-37.1447, 41.2827, 10.5
-37.0167, 41.3356, 10.5
-36.8887, 41.3884, 10.5
-36.7606, 41.4413, 10.5
-36.6326, 41.4942, 10.5
-36.5045, 41.5471, 10.5
-36.3765, 41.5999, 10.5
-36.2485, 41.6528, 10.5
-36.1204, 41.7057, 10.5
-35.9924, 41.7585, 10.5
-35.8643, 41.8114, 10.5
-35.7363, 41.8643, 10.5
-35.6083, 41.9172, 10.5
-35.4802, 41.97, 10.5
-35.3522, 42.0229, 10.5
-35.2241, 42.0758, 10.5
-35.0961, 42.1287, 10.5
-38.2239, 40.9926, 10.5
-38.0959, 41.0455, 10.5
-37.9679, 41.0984, 10.5
-37.8398, 41.1513, 10.5
-37.7118, 41.2041, 10.5
-37.5837, 41.257, 10.5
-37.4557, 41.3099, 10.5
-37.3277, 41.3628, 10.5
-37.1996, 41.4156, 10.5
-37.0716, 41.4685, 10.5
-36.9436, 41.5214, 10.5
-36.8155, 41.5742, 10.5
-36.6875, 41.6271, 10.5
-36.5594, 41.68, 10.5
-36.4314, 41.7329, 10.5
-36.3034, 41.7857, 10.5
-36.1753, 41.8386, 10.5
-36.0473, 41.8915, 10.5
-35.9192, 41.9444, 10.5
-35.7912, 41.9972, 10.5
-35.6632, 42.0501, 10.5
-35.5351, 42.103, 10.5
-35.4071, 42.1559, 10.5
-35.279, 42.2087, 10.5
-35.151, 42.2616, 10.5
-38.2788, 41.1256, 10.5
-38.1508, 41.1785, 10.5
-38.0228, 41.2313, 10.5
-37.8947, 41.2842, 10.5
-37.7667, 41.3371, 10.5
-37.6386, 41.3899, 10.5
-37.5106, 41.4428, 10.5
-37.3826, 41.4957, 10.5
-37.2545, 41.5486, 10.5
-37.1265, 41.6014, 10.5
-36.9985, 41.6543, 10.5
-36.8704, 41.7072, 10.5
-36.7424, 41.7601, 10.5
-36.6143, 41.8129, 10.5
-36.4863, 41.8658, 10.5
-36.3582, 41.9187, 10.5
-36.2302, 41.9716, 10.5
-36.1022, 42.0244, 10.5
-35.9741, 42.0773, 10.5
-35.8461, 42.1302, 10.5
-35.7181, 42.1831, 10.5
-35.59, 42.2359, 10.5
-35.462, 42.2888, 10.5
-35.3339, 42.3417, 10.5
-35.2059, 42.3945, 10.5
-38.3337, 41.2585, 10.5
-38.2057, 41.3114, 10.5
-38.0777, 41.3643, 10.5
-37.9496, 41.4171, 10.5
-37.8216, 41.47, 10.5
-37.6935, 41.5229, 10.5
-37.5655, 41.5758, 10.5
-37.4375, 41.6286, 10.5
-37.3094, 41.6815, 10.5
-37.1814, 41.7344, 10.5
-37.0533, 41.7873, 10.5
-36.9253, 41.8401, 10.5
-36.7973, 41.893, 10.5
-36.6692, 41.9459, 10.5
-36.5412, 41.9988, 10.5
-36.4132, 42.0516, 10.5
-36.2851, 42.1045, 10.5
-36.1571, 42.1574, 10.5
-36.029, 42.2102, 10.5
-35.901, 42.2631, 10.5
-35.773, 42.316, 10.5
-35.6449, 42.3689, 10.5
-35.5169, 42.4217, 10.5
-35.3888, 42.4746, 10.5
-35.2608, 42.5275, 10.5
-38.3886, 41.3915, 10.5
-38.2606, 41.4443, 10.5
-38.1326, 41.4972, 10.5
-38.0045, 41.5501, 10.5
-37.8765, 41.603, 10.5
-37.7484, 41.6558, 10.5
-37.6204, 41.7087, 10.5
-37.4924, 41.7616, 10.5
-37.3643, 41.8145, 10.5
-37.2363, 41.8673, 10.5
-37.1082, 41.9202, 10.5
-36.9802, 41.9731, 10.5
-36.8522, 42.026, 10.5
-36.7241, 42.0788, 10.5
-36.5961, 42.1317, 10.5
-36.468, 42.1846, 10.5
-36.34, 42.2374, 10.5
-36.212, 42.2903, 10.5
-36.0839, 42.3432, 10.5
-35.9559, 42.3961, 10.5
-35.8279, 42.4489, 10.5
-35.6998, 42.5018, 10.5
-35.5718, 42.5547, 10.5
-35.4437, 42.6076, 10.5
-35.3157, 42.6604, 10.5
-38.4435, 41.5244, 10.5
-38.3155, 41.5773, 10.5
-38.1875, 41.6302, 10.5
-38.0594, 41.683, 10.5
-37.9314, 41.7359, 10.5
-37.8033, 41.7888, 10.5
-37.6753, 41.8417, 10.5
-37.5473, 41.8945, 10.5
-37.4192, 41.9474, 10.5
-37.2912, 42.0003, 10.5
-37.1631, 42.0531, 10.5
-37.0351, 42.106, 10.5
-36.9071, 42.1589, 10.5
-36.779, 42.2118, 10.5
-36.651, 42.2646, 10.5
-36.5229, 42.3175, 10.5
-36.3949, 42.3704, 10.5
-36.2669, 42.4233, 10.5
-36.1388, 42.4761, 10.5
-36.0108, 42.529, 10.5
-35.8827, 42.5819, 10.5
-35.7547, 42.6348, 10.5
-35.6267, 42.6876, 10.5
-35.4986, 42.7405, 10.5
-35.3706, 42.7934, 10.5
-38.4984, 41.6574, 10.5
-38.3704, 41.7102, 10.5
-38.2424, 41.7631, 10.5
-38.1143, 41.816, 10.5
-37.9863, 41.8688, 10.5
-37.8582, 41.9217, 10.5
-37.7302, 41.9746, 10.5
-37.6022, 42.0275, 10.5
-37.4741, 42.0803, 10.5
-37.3461, 42.1332, 10.5
-37.218, 42.1861, 10.5
-37.09, 42.239, 10.5
-36.962, 42.2918, 10.5
-36.8339, 42.3447, 10.5
-36.7059, 42.3976, 10.5
-36.5778, 42.4505, 10.5
-36.4498, 42.5033, 10.5
-36.3218, 42.5562, 10.5
-36.1937, 42.6091, 10.5
-36.0657, 42.6619, 10.5
-35.9376, 42.7148, 10.5
-35.8096, 42.7677, 10.5
-35.6816, 42.8206, 10.5
-35.5535, 42.8734, 10.5
-35.4255, 42.9263, 10.5
-38.5533, 41.7903, 10.5
-38.4253, 41.8432, 10.5
-38.2973, 41.896, 10.5
-38.1692, 41.9489, 10.5
-38.0412, 42.0018, 10.5
-37.9131, 42.0547, 10.5
-37.7851, 42.1075, 10.5
-37.6571, 42.1604, 10.5
-37.529, 42.2133, 10.5
-37.401, 42.2662, 10.5
-37.2729, 42.319, 10.5
-37.1449, 42.3719, 10.5
-37.0169, 42.4248, 10.5
-36.8888, 42.4777, 10.5
-36.7608, 42.5305, 10.5
-36.6327, 42.5834, 10.5
-36.5047, 42.6363, 10.5
-36.3767, 42.6891, 10.5
-36.2486, 42.742, 10.5
-36.1206, 42.7949, 10.5
-35.9925, 42.8478, 10.5
-35.8645, 42.9006, 10.5
-35.7365, 42.9535, 10.5
-35.6084, 43.0064, 10.5
-35.4804, 43.0593, 10.5
-38.6082, 41.9232, 10.5
-38.4802, 41.9761, 10.5
-38.3522, 42.029, 10.5
-38.2241, 42.0819, 10.5
-38.0961, 42.1347, 10.5
-37.968, 42.1876, 10.5
-37.84, 42.2405, 10.5
-37.712, 42.2934, 10.5
-37.5839, 42.3462, 10.5
-37.4559, 42.3991, 10.5
-37.3278, 42.452, 10.5
-37.1998, 42.5048, 10.5
-37.0718, 42.5577, 10.5
-36.9437, 42.6106, 10.5
-36.8157, 42.6635, 10.5
-36.6876, 42.7163, 10.5
-36.5596, 42.7692, 10.5
-36.4316, 42.8221, 10.5
-36.3035, 42.875, 10.5
-36.1755, 42.9278, 10.5
-36.0474, 42.9807, 10.5
-35.9194, 43.0336, 10.5
-35.7914, 43.0865, 10.5
-35.6633, 43.1393, 10.5
-35.5353, 43.1922, 10.5
-38.6631, 42.0562, 10.5
-38.5351, 42.1091, 10.5
-38.4071, 42.1619, 10.5
-38.279, 42.2148, 10.5
-38.151, 42.2677, 10.5
-38.0229, 42.3205, 10.5
-37.8949, 42.3734, 10.5
-37.7669, 42.4263, 10.5
-37.6388, 42.4792, 10.5
-37.5108, 42.532, 10.5
-37.3827, 42.5849, 10.5
-37.2547, 42.6378, 10.5
-37.1267, 42.6907, 10.5
-36.9986, 42.7435, 10.5
-36.8706, 42.7964, 10.5
-36.7425, 42.8493, 10.5
-36.6145, 42.9022, 10.5
-36.4865, 42.955, 10.5
-36.3584, 43.0079, 10.5
-36.2304, 43.0608, 10.5
-36.1023, 43.1137, 10.5
-35.9743, 43.1665, 10.5
-35.8463, 43.2194, 10.5
-35.7182, 43.2723, 10.5
-35.5902, 43.3251, 10.5
-38.718, 42.1891, 10.5
-38.59, 42.242, 10.5
-38.462, 42.2949, 10.5
-38.3339, 42.3477, 10.5
-38.2059, 42.4006, 10.5
-38.0778, 42.4535, 10.5
-37.9498, 42.5064, 10.5
-37.8218, 42.5592, 10.5
-37.6937, 42.6121, 10.5
-37.5657, 42.665, 10.5
-37.4376, 42.7179, 10.5
-37.3096, 42.7707, 10.5
-37.1816, 42.8236, 10.5
-37.0535, 42.8765, 10.5
-36.9255, 42.9294, 10.5
-36.7974, 42.9822, 10.5
-36.6694, 43.0351, 10.5
-36.5414, 43.088, 10.5
-36.4133, 43.1409, 10.5
-36.2853, 43.1937, 10.5
-36.1572, 43.2466, 10.5
-36.0292, 43.2995, 10.5
-35.9012, 43.3523, 10.5
-35.7731, 43.4052, 10.5
-35.6451, 43.4581, 10.5
-38.7729, 42.3221, 10.5
-38.6449, 42.3749, 10.5
-38.5169, 42.4278, 10.5
-38.3888, 42.4807, 10.5
-38.2608, 42.5336, 10.5
-38.1327, 42.5864, 10.5
-38.0047, 42.6393, 10.5
-37.8767, 42.6922, 10.5
-37.7486, 42.7451, 10.5
-37.6206, 42.7979, 10.5
-37.4925, 42.8508, 10.5
-37.3645, 42.9037, 10.5
-37.2365, 42.9566, 10.5
-37.1084, 43.0094, 10.5
-36.9804, 43.0623, 10.5
-36.8523, 43.1152, 10.5
-36.7243, 43.168, 10.5
-36.5963, 43.2209, 10.5
-36.4682, 43.2738, 10.5
-36.3402, 43.3267, 10.5
-36.2121, 43.3795, 10.5
-36.0841, 43.4324, 10.5
-35.9561, 43.4853, 10.5
-35.828, 43.5382, 10.5
-35.7, 43.591, 10.5
-38.8278, 42.455, 10.5
-38.6998, 42.5079, 10.5
-38.5718, 42.5608, 10.5
-38.4437, 42.6136, 10.5
-38.3157, 42.6665, 10.5
-38.1876, 42.7194, 10.5
-38.0596, 42.7723, 10.5
-37.9316, 42.8251, 10.5
-37.8035, 42.878, 10.5
-37.6755, 42.9309, 10.5
-37.5474, 42.9837, 10.5
-37.4194, 43.0366, 10.5
-37.2914, 43.0895, 10.5
-37.1633, 43.1424, 10.5
-37.0353, 43.1952, 10.5
-36.9072, 43.2481, 10.5
-36.7792, 43.301, 10.5
-36.6512, 43.3539, 10.5
-36.5231, 43.4067, 10.5
-36.3951, 43.4596, 10.5
-36.267, 43.5125, 10.5
-36.139, 43.5654, 10.5
-36.011, 43.6182, 10.5
-35.8829, 43.6711, 10.5
-35.7549, 43.724, 10.5
-38.8827, 42.588, 10.5
-38.7547, 42.6408, 10.5
-38.6266, 42.6937, 10.5
-38.4986, 42.7466, 10.5
-38.3706, 42.7994, 10.5
-38.2425, 42.8523, 10.5
-38.1145, 42.9052, 10.5
-37.9865, 42.9581, 10.5
-37.8584, 43.0109, 10.5
-37.7304, 43.0638, 10.5
-37.6023, 43.1167, 10.5
-37.4743, 43.1696, 10.5
-37.3463, 43.2224, 10.5
-37.2182, 43.2753, 10.5
-37.0902, 43.3282, 10.5
-36.9621, 43.3811, 10.5
-36.8341, 43.4339, 10.5
-36.7061, 43.4868, 10.5
-36.578, 43.5397, 10.5
-36.45, 43.5926, 10.5
-36.3219, 43.6454, 10.5
-36.1939, 43.6983, 10.5
-36.0659, 43.7512, 10.5
-35.9378, 43.804, 10.5
-35.8098, 43.8569, 10.5
-38.9376, 42.7209, 10.5
-38.8096, 42.7738, 10.5
-38.6815, 42.8266, 10.5
-38.5535, 42.8795, 10.5
-38.4255, 42.9324, 10.5
-38.2974, 42.9853, 10.5
-38.1694, 43.0381, 10.5
-38.0413, 43.091, 10.5
-37.9133, 43.1439, 10.5
-37.7853, 43.1968, 10.5
-37.6572, 43.2496, 10.5
-37.5292, 43.3025, 10.5
-37.4011, 43.3554, 10.5
-37.2731, 43.4083, 10.5
-37.1451, 43.4611, 10.5
-37.017, 43.514, 10.5
-36.889, 43.5669, 10.5
-36.761, 43.6197, 10.5
-36.6329, 43.6726, 10.5
-36.5049, 43.7255, 10.5
-36.3768, 43.7784, 10.5
-36.2488, 43.8312, 10.5
-36.1208, 43.8841, 10.5
-35.9927, 43.937, 10.5
-35.8647, 43.9899, 10.5
-38.9925, 42.8538, 10.5
-38.8645, 42.9067, 10.5
-38.7364, 42.9596, 10.5
-38.6084, 43.0125, 10.5
-38.4804, 43.0653, 10.5
-38.3523, 43.1182, 10.5
-38.2243, 43.1711, 10.5
-38.0962, 43.224, 10.5
-37.9682, 43.2768, 10.5
-37.8402, 43.3297, 10.5
-37.7121, 43.3826, 10.5
-37.5841, 43.4354, 10.5
-37.456, 43.4883, 10.5
-37.328, 43.5412, 10.5
-37.2, 43.5941, 10.5
-37.0719, 43.6469, 10.5
-36.9439, 43.6998, 10.5
-36.8158, 43.7527, 10.5
-36.6878, 43.8056, 10.5
-36.5598, 43.8584, 10.5
-36.4317, 43.9113, 10.5
-36.3037, 43.9642, 10.5
-36.1757, 44.0171, 10.5
-36.0476, 44.0699, 10.5
-35.9196, 44.1228, 10.5
-39.0474, 42.9868, 10.5
-38.9194, 43.0397, 10.5
-38.7913, 43.0925, 10.5
-38.6633, 43.1454, 10.5
-38.5353, 43.1983, 10.5
-38.4072, 43.2512, 10.5
-38.2792, 43.304, 10.5
-38.1511, 43.3569, 10.5
-38.0231, 43.4098, 10.5
-37.8951, 43.4626, 10.5
-37.767, 43.5155, 10.5
-37.639, 43.5684, 10.5
-37.5109, 43.6213, 10.5
-37.3829, 43.6741, 10.5
-37.2549, 43.727, 10.5
-37.1268, 43.7799, 10.5
-36.9988, 43.8328, 10.5
-36.8708, 43.8856, 10.5
-36.7427, 43.9385, 10.5
-36.6147, 43.9914, 10.5
-36.4866, 44.0443, 10.5
-36.3586, 44.0971, 10.5
-36.2306, 44.15, 10.5
-36.1025, 44.2029, 10.5
-35.9745, 44.2557, 10.5
-39.1023, 43.1197, 10.5
-38.9743, 43.1726, 10.5
-38.8462, 43.2255, 10.5
-38.7182, 43.2783, 10.5
-38.5902, 43.3312, 10.5
-38.4621, 43.3841, 10.5
-38.3341, 43.437, 10.5
-38.206, 43.4898, 10.5
-38.078, 43.5427, 10.5
-37.95, 43.5956, 10.5
-37.8219, 43.6485, 10.5
-37.6939, 43.7013, 10.5
-37.5658, 43.7542, 10.5
-37.4378, 43.8071, 10.5
-37.3098, 43.86, 10.5
-37.1817, 43.9128, 10.5
-37.0537, 43.9657, 10.5
-36.9256, 44.0186, 10.5
-36.7976, 44.0714, 10.5
-36.6696, 44.1243, 10.5
-36.5415, 44.1772, 10.5
-36.4135, 44.2301, 10.5
-36.2854, 44.2829, 10.5
-36.1574, 44.3358, 10.5
-36.0294, 44.3887, 10.5
-39.1572, 43.2527, 10.5
-39.0292, 43.3055, 10.5
-38.9011, 43.3584, 10.5
-38.7731, 43.4113, 10.5
-38.6451, 43.4642, 10.5
-38.517, 43.517, 10.5
-38.389, 43.5699, 10.5
-38.2609, 43.6228, 10.5
-38.1329, 43.6757, 10.5
-38.0049, 43.7285, 10.5
-37.8768, 43.7814, 10.5
-37.7488, 43.8343, 10.5
-37.6207, 43.8872, 10.5
-37.4927, 43.94, 10.5
-37.3647, 43.9929, 10.5
-37.2366, 44.0458, 10.5
-37.1086, 44.0986, 10.5
-36.9805, 44.1515, 10.5
-36.8525, 44.2044, 10.5
-36.7245, 44.2573, 10.5
-36.5964, 44.3101, 10.5
-36.4684, 44.363, 10.5
-36.3403, 44.4159, 10.5
-36.2123, 44.4688, 10.5
-36.0843, 44.5216, 10.5
-39.2121, 43.3856, 10.5
-39.0841, 43.4385, 10.5
-38.956, 43.4914, 10.5
-38.828, 43.5442, 10.5
-38.7, 43.5971, 10.5
-38.5719, 43.65, 10.5
-38.4439, 43.7029, 10.5
-38.3158, 43.7557, 10.5
-38.1878, 43.8086, 10.5
-38.0598, 43.8615, 10.5
-37.9317, 43.9143, 10.5
-37.8037, 43.9672, 10.5
-37.6756, 44.0201, 10.5
-37.5476, 44.073, 10.5
-37.4196, 44.1258, 10.5
-37.2915, 44.1787, 10.5
-37.1635, 44.2316, 10.5
-37.0354, 44.2845, 10.5
-36.9074, 44.3373, 10.5
-36.7794, 44.3902, 10.5
-36.6513, 44.4431, 10.5
-36.5233, 44.496, 10.5
-36.3952, 44.5488, 10.5
-36.2672, 44.6017, 10.5
-36.1392, 44.6546, 10.5
-39.267, 43.5186, 10.5
-39.139, 43.5714, 10.5
-39.0109, 43.6243, 10.5
-38.8829, 43.6772, 10.5
-38.7549, 43.73, 10.5
-38.6268, 43.7829, 10.5
-38.4988, 43.8358, 10.5
-38.3707, 43.8887, 10.5
-38.2427, 43.9415, 10.5
-38.1147, 43.9944, 10.5
-37.9866, 44.0473, 10.5
-37.8586, 44.1002, 10.5
-37.7305, 44.153, 10.5
-37.6025, 44.2059, 10.5
-37.4745, 44.2588, 10.5
-37.3464, 44.3117, 10.5
-37.2184, 44.3645, 10.5
-37.0903, 44.4174, 10.5
-36.9623, 44.4703, 10.5
-36.8343, 44.5232, 10.5
-36.7062, 44.576, 10.5
-36.5782, 44.6289, 10.5
-36.4501, 44.6818, 10.5
-36.3221, 44.7346, 10.5
-36.1941, 44.7875, 10.5
-39.3219, 43.6515, 10.5
-39.1939, 43.7044, 10.5
-39.0658, 43.7572, 10.5
-38.9378, 43.8101, 10.5
-38.8098, 43.863, 10.5
-38.6817, 43.9159, 10.5
-38.5537, 43.9687, 10.5
-38.4256, 44.0216, 10.5
-38.2976, 44.0745, 10.5
-38.1696, 44.1274, 10.5
-38.0415, 44.1802, 10.5
-37.9135, 44.2331, 10.5
-37.7854, 44.286, 10.5
-37.6574, 44.3389, 10.5
-37.5294, 44.3917, 10.5
-37.4013, 44.4446, 10.5
-37.2733, 44.4975, 10.5
-37.1452, 44.5504, 10.5
-37.0172, 44.6032, 10.5
-36.8892, 44.6561, 10.5
-36.7611, 44.709, 10.5
-36.6331, 44.7618, 10.5
-36.505, 44.8147, 10.5
-36.377, 44.8676, 10.5
-36.249, 44.9205, 10.5